Workbook
Name AgentsRequired: OFFSET('[1]Day Planner'!$E$15,1,0,COUNT('[1]Day Planner'!$D$16:$D$63))
Name ESLAgentsAvailable: OFFSET('[1]Expected Service Level'!$E$15,1,0,COUNT('[1]Expected Service Level'!$D$16:$D$47))
Name ESLIncomingCalls: OFFSET('[1]Expected Service Level'!$D$15,1,0,COUNT('[1]Expected Service Level'!$D$16:$D$47))
Name ESLReqAgents: OFFSET('[1]Expected Service Level'!$G$15,1,0,COUNT('[1]Expected Service Level'!$D$16:$D$47))
Name ESLTimeRange: OFFSET('[1]Expected Service Level'!$C$15,1,0,COUNT('[1]Expected Service Level'!$D$16:$D$47))
Name IncomingCalls: OFFSET('[1]Day Planner'!$D$15,1,0,COUNT('[1]Day Planner'!$D$16:$D$63))
Name TimeRange: OFFSET('[1]Day Planner'!$C$15,1,0,COUNT('[1]Day Planner'!$D$16:$D$63))

Sheet S&E
C3: Planning S&E semaine | F3: ="S"&_xlfn.ISOWEEKNUM(H3) -> S20 | G3: du | H3: 46153 | I3: au | J3: =H3+6 -> 46159
C5: BO SUP | D5: =H3 -> 46153 | E5: =D5+1 -> 46154 | F5: =E5+1 -> 46155 | G5: =F5+1 -> 46156 | H5: =G5+1 -> 46157 | I5: =H5+1 -> 46158 | J5: =I5+1 -> 46159
B6: BENUE | C6: ANDRE CALVIN | D6: Off | E6: Off | F6: 07h-16h | G6: 07h-16h | H6: 07h-16h | I6: 13h-22h | J6: 13h-22h
B7: WOURI | C7: MADELEINE N | D7: 09h-18h | E7: 07h-16h | F7: 07h-16h | G7: FERIE | H7: 13h-22h | I7: Off | J7: Off
B8: SANAGA | C8: HERVE B | D8: 13h-22h | E8: 13h-22h | F8: Off | G8: FERIE | H8: Off | I8: 07h-16h | J8: 13h-22h
B9: CHARI | C9: PATRICK A | D9: 07h-16h | E9: 07h-16h | F9: 13h-22h | G9: 13h-22h | H9: NUIT | I9: Off | J9: Off
B10: LOGONE | C10: GEROME B | D10: 13h-22h | E10: NUIT | F10: Off | G10: FERIE | H10: Off | I10: 07h-16h | J10: 07h-16h
B11: KYC/Whatsapp | C11: LYONEL K | D11: 07h-16h | E11: 13h-22h | F11: 13h-22h | G11: FERIE | H11: Off | I11: Off | J11: 07h-16h
B15: WFM et REPORTING | C15: ="GF_"&F3 -> GF_S20 | D15: =D5 -> 46153 | E15: =E5 -> 46154 | F15: =F5 -> 46155 | G15: =G5 -> 46156 | H15: =H5 -> 46157 | I15: =I5 -> 46158 | J15: =J5 -> 46159
C16: ARMELLE | D16: 07h-16h | E16: 07h-16h | F16: 07h-16h | G16: 07h-16h | H16: 07h-16h | I16: OFF | J16: OFF
C17: JEAN DANIEL | D17: 07h-16h | E17: 07h-16h | F17: 07h-16h | G17: FERIE | H17: 07h-16h | I17: OFF | J17: OFF
C18: GISCARD | D18: 07h-16h | E18: 07h-16h | F18: 07h-16h | G18: 07h-16h | H18: 07h-16h | I18: OFF | J18: OFF
C19: DAMARIS | D19: OFF | E19: OFF | F19: 07h-16h | G19: 07h-16h | H19: 07h-16h | I19: 13h-22h | J19: 13h-22h
C20: MARIUS | D20: 07h-16h | E20: 07h-16h | F20: 07h-16h | G20: 13h-22h | H20: 13h-22h | I20: OFF | J20: OFF
C21: LUC | D21: 13h-22h | E21: 13h-22h | F21: OFF | G21: FERIE | H21: OFF | I21: 07h-16h | J21: 07h-16h
C22: JULIENNE | D22: 07h-16h | E22: 07h-16h | F22: 13h-22h | G22: FERIE | H22: 07h-16h | I22: OFF | J22: OFF
B26: MULTI CAMPAGNE | C26: ="BU_VIZION_"&F3 -> BU_VIZION_S20 | D26: =D15 -> 46153 | E26: =E15 -> 46154 | F26: =F15 -> 46155 | G26: =G15 -> 46156 | H26: =H15 -> 46157 | I26: =I15 -> 46158 | J26: =J15 -> 46159
C27: Dave Essama | D27: 07h-16h | E27: 07h-16h | F27: 13h-22h | G27: 07h-16h | H27: 13h-22h | I27: OFF | J27: OFF
C28: Josiane Boyomo | D28: 13h-22h | E28: 13h-22h | F28: OFF | G28: FERIE | H28: OFF | I28: 07h-16h | J28: 07h-16h
C30: Rodrigue Beyeck | D30: 07h-16h | E30: 07h-16h | F30: 07h-16h | G30: FERIE | H30: 07h-16h | I30: OFF | J30: OFF
C33: ="RE_"&F3 -> RE_S20 | D33: =D26 -> 46153 | E33: =E26 -> 46154 | F33: =F26 -> 46155 | G33: =G26 -> 46156 | H33: =H26 -> 46157 | I33: =I26 -> 46158 | J33: =J26 -> 46159
B34: INNOVATION | C34: LUCIE | D34: OFF | E34: OFF | F34: 07h-16h | G34: FERIE | H34: 13h-22h | I34: 13h-22h | J34: 13h-22h
B35: AUDACITY | C35: ALEXANDRA | G35: FERIE | J35: OFF
B36: PROFESSIONALISM | C36: LAKENE | I36: OFF | J36: OFF
B37: DISTRIBUTEURS | C37: HORLINE | D37: 08h-17h | E37: 08h-17h | F37: OFF | G37: 08h-17h | H37: 08h-17h | I37: OFF | J37: 08h-17h
B38: HONESTY | C38: JOSEPH | D38: 13h-22h | E38: 13h-22h | F38: 13h-22h | G38: 13h-22h | H38: OFF | I38: OFF | J38: 07h-16h
B39: INTEGRITY | C39: RAISSA MATHO | D39: 07h-16h | E39: 08h-17h | F39: 08h-17h | G39: 13h-22h | H39: 13h-22h | I39: OFF | J39: OFF
B40: ASSISTANCE | C40: ZOULE | D40: 13h-22h | E40: 13h-22h | F40: OFF | G40: OFF | H40: 07h-16h | I40: 07h-16h | J40: 08h-17h
B41: SEYO | C41: TRESOR | D41: 07h-16h | E41: 07h-16h | F41: 13h-22h | G41: NUIT | H41: OFF | I41: OFF | J41: 07h-16h
B42: NUIT | C42: FADIMATOU | D42: NUIT | E42: OFF | F42: NUIT | G42: FERIE | H42: OFF | I42: NUIT | J42: NUIT
B43: BURAL | C43: NADEGE | D43: 13h-22h | E43: 13h-22h | F43: 13h-22h | G43: OFF | H43: OFF | I43: 07h-16h | J43: 13h-22h
B44: CONNEXION+ | C44: SAMUEL MISSIKA | D44: OFF | E44: 07h-16h | F44: 07h-16h | G44: 07h-16h | H44: 13h-22h | I44: 13h-22h | J44: OFF
B45: PERFORMANCE | C45: BALOGNYE EMMA SANDRINE | D45: 08h-17h | E45: 08h-17h | F45: OFF | G45: FERIE | H45: 08h-17h | I45: 13h-22h | J45: OFF
B46: AMANA | C46: MOISE | D46: CA3 | E46: CA3 | F46: CA3 | G46: CA3 | H46: CA3 | I46: CA3 | J46: CA3
B52: DA | C52: AUDREY L | D52: 07h-16h | E52: 07h-16h | F52: 13h-22h | G52: FERIE | H52: 13h-22h | I52: OFF | J52: OFF
C53: PATRICK G | D53: CA1 | E53: CA1 | F53: CA1 | G53: CA1 | H53: CA1 | I53: CA1 | J53: CA1
C54: DIANE | D54: 13h-22h | E54: OFF | F54: OFF | G54: 07h-16h | H54: 07h-16h | I54: 13h-22h | J54: 16h-22h
B56: RP | C56: SIMON | D56: 07h-16h | E56: 07h-16h | F56: 07h-16h | G56: FERIE | H56: 07h-16h | I56: OFF | J56: OFF
C57: PIERRETTE | D57: 07h-16h | E57: 07h-16h | F57: 07h-16h | G57: FERIE | H57: 07h-16h | I57: OFF | J57: OFF
B59: EM | C59: ="EM_"&F3 -> EM_S20 | D59: =D33 -> 46153 | E59: =E33 -> 46154 | F59: =F33 -> 46155 | G59: =G33 -> 46156 | H59: =H33 -> 46157 | I59: =I33 -> 46158 | J59: =J33 -> 46159
C60: Simplice | D60: 08h-17h | E60: 08h-17h | F60: 08h-17h | G60: FERIE | H60: 08h-17h | I60: OFF | J60: OFF
C61: Euloge | D61: 07h-16h | E61: 07h-16h | F61: 07h-16h | G61: FERIE | H61: 07h-16h | I61: OFF | J61: OFF
C62: Brian | D62: CA | E62: CA | F62: CA | G62: CA | H62: CA | I62: CA | J62: CA
B65: CQ | C65: ="CQ_"&F3 -> CQ_S20 | D65: =D59 -> 46153 | E65: =E59 -> 46154 | F65: =F59 -> 46155 | G65: =G59 -> 46156 | H65: =H59 -> 46157 | I65: =I59 -> 46158 | J65: =J59 -> 46159
C66: BELDO | D66: 11h-20h | E66: 07h-16h | F66: 07h-16h | G66: 7h-12h | H66: 11h-20h | I66: OFF | J66: OFF
C67: Gaelle | D67: 07h-16h | E67: 11h-20h | F67: 11h-20h | G67: 7h-12h | H67: OFF | I67: 11h-20h | J67: OFF
C68: Chanelle | D68: 08h-17h | E68: OFF | F68: 08h-17h | G68: FERIE | H68: OFF | I68: 08h-17h | J68: 08h-17h
C69: Hadirou | D69: 11h-20h | E69: 11h-20h | F69: 07h-16h | G69: 15h-20h | H69: OFF | I69: OFF | J69: 11h-20h
C70: Aurelie | D70: 07h-16h | E70: 07h-16h | F70: 07h-16h | G70: 12h-17h | H70: 11h-20h | I70: OFF | J70: OFF
C71: Loris | D71: CM | E71: CM | F71: CM | G71: CM | H71: CM | I71: CM | J71: CM
C72: Jean-Jacques | D72: 07h-16h | E72: 07h-16h | F72: 11h-20h | G72: FERIE | H72: 07h-16h | I72: OFF | J72: OFF
C73: Freddy | D73: 11h-20h | E73: 11h-20h | F73: 11h-20h | G73: FERIE | H73: OFF | I73: 07h-16h | J73: OFF
B76: AS | C76: ="AS_"&F3 -> AS_S20 | D76: =D65 -> 46153 | E76: =E65 -> 46154 | F76: =F65 -> 46155 | G76: =G65 -> 46156 | H76: =H65 -> 46157 | I76: =I65 -> 46158 | J76: =J65 -> 46159
C77: Benjamin | D77: 09h-18h | E77: 09h-18h | F77: 09h-18h | G77: FERIE | H77: OFF | I77: 09h-18h | J77: OFF
C78: Melissa | D78: 09h-18h | E78: 09h-18h | F78: 09h-18h | G78: 09h-18h | H78: 09h-18h | I78: OFF | J78: OFF
C79: Eve | D79: 09h-18h | E79: 09h-18h | F79: 09h-18h | G79: FERIE | H79: 09h-18h | I79: OFF | J79: OFF
B81: UPOWA | C81: Armelle Ngnintedem | D81: 09h-18h | E81: 09h-18h | F81: 09h-18h | G81: OFF | H81: OFF | I81: 09h-18h | J81: 09h-18h
C82: Belle Francine | D82: 09h-18h | E82: 09h-18h | F82: 09h-18h | G82: 09h-18h | H82: 09h-18h | I82: OFF | J82: OFF
C83: KOUOSU KAMENI, Juliette | D83: 09h-18h | E83: 09h-18h | F83: 09h-18h | G83: 09h-18h | H83: 09h-18h | I83: OFF | J83: OFF
B85: TS | C85: ="TS_"&F3 -> TS_S20 | D85: =D76 -> 46153 | E85: =E76 -> 46154 | F85: =F76 -> 46155 | G85: =G76 -> 46156 | H85: =H76 -> 46157 | I85: =I76 -> 46158 | J85: =J76 -> 46159
C86: IBRAHIM ABOUBAKAR | D86: 07h-16h | E86: 13h-22h | F86: 13h-22h | G86: 13h-22h | H86: OFF | I86: OFF | J86: 07h-16h
C87: NKOUAMBIA Joel | D87: 07h-16h | E87: 13h-22h | F87: 09h-18h | G87: OFF | H87: OFF | I87: 07h-16h | J87: 07h-16h
B89: VERICAM | C89: =F3 -> S20 | D89: =D85 -> 46153 | E89: =E85 -> 46154 | F89: =F85 -> 46155 | G89: =G85 -> 46156 | H89: =H85 -> 46157 | I89: =I85 -> 46158 | J89: =J85 -> 46159
C90: BEKALE BITOM | D90: 08h-17h | E90: 08h-17h | F90: 08h-17h | G90: 08h-17h | H90: 08h-17h | I90: OFF | J90: OFF

Sheet At_Réu
C3: REUNION D'EQUIPE /ATELIERS
C6: REUNION D'EQUIPE & ATELIER | D6: tranches | E6: ='S&E'!H3 -> 46153 | F6: =E6+1 -> 46154 | G6: =F6+1 -> 46155 | H6: =G6+1 -> 46156 | I6: =H6+1 -> 46157 | J6: =I6+1 -> 46158 | K6: =J6+1 -> 46159
D7: 07h30-09h

Sheet AE
B1: ="S"&_xlfn.ISOWEEKNUM(F1) -> S19 | F1: 46146 | K1: =F1+1 -> 46147 | P1: =K1+1 -> 46148 | U1: =P1+1 -> 46149 | Z1: =U1+1 -> 46150 | AE1: =Z1+1 -> 46151 | AJ1: =AE1+1 -> 46152 | AO1: 1.6666667 | AP1: =AO2/AO1 -> 135.9875 | AR1: =SUM(AR14:AR158) -> 0 | AS1: =SUM(AS14:AS48) -> 0 | BT1: :
F2: Total jour | G2: =J2/"8:00:00" -> 110.5 | H2: =J2/$AO$2 -> 0.16251494 | I2: =COUNT(F4:F158) -> 129 | J2: =SUM(J4:J158) -> 36.833333 | K2: Total jour | L2: =O2/"8:00:00" -> 101 | M2: =O2/$AO$2 -> 0.14854306 | N2: =COUNT(K4:K158) -> 122 | O2: =SUM(O4:O158) -> 33.666667 | P2: Total jour | Q2: =T2/"8:00:00" -> 107 | R2: =T2/$AO$2 -> 0.15736741 | S2: =COUNT(P4:P158) -> 124 | T2: =SUM(T4:T158) -> 35.666667 | U2: Total jour | V2: =Y2/"8:00:00" -> 93.3125 | W2: =Y2/$AO$2 -> 0.13723688 | X2: =COUNT(U4:U158) -> 109 | Y2: =SUM(Y4:Y158) -> 31.104167 | Z2: Total jour | AA2: =AD2/"8:00:00" -> 95 | AB2: =AD2/$AO$2 -> 0.13971872 | AC2: =COUNT(Z4:Z158) -> 111 | AD2: =SUM(AD4:AD158) -> 31.666667 | AE2: Total jour | AF2: =AI2/"8:00:00" -> 91.5 | AG2: =AI2/$AO$2 -> 0.13457119 | AH2: =COUNT(AE4:AE158) -> 95 | AI2: =SUM(AI4:AI158) -> 30.5 | AJ2: Total jour | AK2: =AN2/"8:00:00" -> 81.625 | AL2: =AN2/$AO$2 -> 0.1200478 | AM2: =COUNT(AJ4:AJ158) -> 83 | AN2: =SUM(AN4:AN158) -> 27.208333 | AO2: =SUM(AO4:AO158) -> 226.64583 | AP2: formation/réunion équipe | AQ2: HSUP | AR2: 596 | AT2: 0.33333333 | AW2: 1.6666667
B3: Agents | C3: comm1 | D3: TEAM | E3: Compétences | F3: Début | G3: Pause | I3: Fin | J3: Total | K3: Début | L3: Pause | N3: Fin | O3: Total | P3: Début | Q3: Pause | S3: Fin | T3: Total | U3: Début | V3: Pause | X3: Fin | Y3: Total | Z3: Début | AA3: Pause | AC3: Fin | AD3: Total | AE3: Début | AF3: Pause | AH3: Fin | AI3: Total | AJ3: Début | AK3: Pause | AM3: Fin | AN3: Total | AO3: Total | AP3: formation/réunion équipe | AR3: gestion des coûts | AS3: dépassement
B4: NDEНТСНЕK SAKOANE ELISABETH | D4: AMANA | E4: FFD | F4: OFF | G4: OFF | H4: OFF | I4: OFF | J4: =IFERROR(MOD(I4-F4,1)-MOD(H4-G4,1),"") | K4: OFF | L4: OFF | M4: OFF | N4: OFF | O4: =IFERROR(MOD(N4-K4,1)-MOD(M4-L4,1),"") | P4: 0.5 | Q4: 0.72916667 | R4: 0.77083333 | S4: 0.91666667 | T4: =IFERROR(MOD(S4-P4,1)-MOD(R4-Q4,1),"") -> 0.375 | U4: 0.45833333 | V4: 0.625 | W4: 0.66666667 | X4: 0.875 | Y4: =IFERROR(MOD(X4-U4,1)-MOD(W4-V4,1),"") -> 0.375 | Z4: 0.5 | AA4: 0.72916667 | AB4: 0.77083333 | AC4: 0.875 | AD4: =IFERROR(MOD(AC4-Z4,1)-MOD(AB4-AA4,1),"") -> 0.33333333 | AE4: 0.29166667 | AF4: 0.54166667 | AG4: 0.625 | AH4: 0.70833333 | AI4: =IFERROR(MOD(AH4-AE4,1)-MOD(AG4-AF4,1),"") -> 0.33333333 | AJ4: 0.29166667 | AK4: 0.54166667 | AL4: 0.625 | AM4: 0.70833333 | AN4: =IFERROR(MOD(AM4-AJ4,1)-MOD(AL4-AK4,1),"") -> 0.33333333 | AO4: =SUM(J4,O4,T4,Y4,AD4,AI4,AN4) -> 1.75
B5: ABDOUR RAHIM SAMBO | D5: AMANA | E5: FFD | F5: OFF | G5: OFF | H5: OFF | I5: OFF | J5: =IFERROR(MOD(I5-F5,1)-MOD(H5-G5,1),"") | K5: OFF | L5: OFF | M5: OFF | N5: OFF | O5: =IFERROR(MOD(N5-K5,1)-MOD(M5-L5,1),"") | P5: 0.29166667 | Q5: 0.54166667 | R5: 0.625 | S5: 0.70833333 | T5: =IFERROR(MOD(S5-P5,1)-MOD(R5-Q5,1),"") -> 0.33333333 | U5: 0.52083333 | V5: 0.75 | W5: 0.79166667 | X5: 0.9375 | Y5: =IFERROR(MOD(X5-U5,1)-MOD(W5-V5,1),"") -> 0.375 | Z5: 0.54166667 | AA5: 0.75 | AB5: 0.79166667 | AC5: 0.9375 | AD5: =IFERROR(MOD(AC5-Z5,1)-MOD(AB5-AA5,1),"") -> 0.35416667 | AE5: 0.83333333 | AH5: 1 | AI5: =IFERROR(MOD(AH5-AE5,1)-MOD(AG5-AF5,1),"") -> 0.16666667 | AJ5: 0 | AK5: 0.29166667 | AL5: 0.83333333 | AM5: 1 | AN5: 0.375 | AO5: =SUM(J5,O5,T5,Y5,AD5,AI5,AN5) -> 1.6041667
A6: messa | B6: AMINATOU HAMADOU | D6: AMANA | E6: FFD | F6: 0.41666667 | G6: 0.66666667 | H6: 0.75 | I6: 0.83333333 | J6: =IFERROR(MOD(I6-F6,1)-MOD(H6-G6,1),"") -> 0.33333333 | K6: 0.33333333 | L6: 14; | M6: 15; | N6: 0.66666667 | O6: =IFERROR(MOD(N6-K6,1)-MOD(M6-L6,1),"") | P6: 0.5 | Q6: 0.625 | R6: 0.66666667 | S6: 0.875 | T6: =IFERROR(MOD(S6-P6,1)-MOD(R6-Q6,1),"") -> 0.33333333 | U6: OFF | V6: OFF | W6: OFF | X6: OFF | Y6: =IFERROR(MOD(X6-U6,1)-MOD(W6-V6,1),"") | Z6: OFF | AA6: OFF | AB6: OFF | AC6: OFF | AD6: =IFERROR(MOD(AC6-Z6,1)-MOD(AB6-AA6,1),"") | AE6: 0.29166667 | AF6: 0.54166667 | AG6: 0.625 | AH6: 0.70833333 | AI6: =IFERROR(MOD(AH6-AE6,1)-MOD(AG6-AF6,1),"") -> 0.33333333 | AJ6: 0.29166667 | AK6: 0.54166667 | AL6: 0.625 | AM6: 0.70833333 | AN6: =IFERROR(MOD(AM6-AJ6,1)-MOD(AL6-AK6,1),"") -> 0.33333333 | AO6: =SUM(J6,O6,T6,Y6,AD6,AI6,AN6) -> 1.3333333
B7: YAYA BARKINDO | D7: AMANA | E7: FFD | F7: 0.52083333 | G7: 0.75 | H7: 0.79166667 | I7: 0.9375 | J7: =IFERROR(MOD(I7-F7,1)-MOD(H7-G7,1),"") -> 0.375 | K7: 0.52083333 | L7: 0.75 | M7: 0.79166667 | N7: 0.9375 | O7: =IFERROR(MOD(N7-K7,1)-MOD(M7-L7,1),"") -> 0.375 | P7: 0.52083333 | Q7: 0.75 | R7: 0.79166667 | S7: 0.9375 | T7: =IFERROR(MOD(S7-P7,1)-MOD(R7-Q7,1),"") -> 0.375 | U7: OFF | V7: OFF | W7: OFF | X7: OFF | Y7: =IFERROR(MOD(X7-U7,1)-MOD(W7-V7,1),"") | Z7: OFF | AA7: OFF | AB7: OFF | AC7: OFF | AD7: =IFERROR(MOD(AC7-Z7,1)-MOD(AB7-AA7,1),"") | AE7: 0.33333333 | AF7: 0.58333333 | AG7: 0.66666667 | AH7: 0.75 | AI7: =IFERROR(MOD(AH7-AE7,1)-MOD(AG7-AF7,1),"") -> 0.33333333 | AJ7: 0.45833333 | AK7: 0.64583333 | AL7: 0.72916667 | AM7: 0.875 | AN7: =IFERROR(MOD(AM7-AJ7,1)-MOD(AL7-AK7,1),"") -> 0.33333333 | AO7: =SUM(J7,O7,T7,Y7,AD7,AI7,AN7) -> 1.7916667
A8: ETUDI | B8: KOULTCHOUMI FADIMATOU HAMAN | C8: 6 | D8: AMANA | E8: FFD | F8: 0.66666667 | I8: 0.9375 | J8: =IFERROR(MOD(I8-F8,1)-MOD(H8-G8,1),"") -> 0.27083333 | K8: 0.66666667 | N8: 0.9375 | O8: =IFERROR(MOD(N8-K8,1)-MOD(M8-L8,1),"") -> 0.27083333 | P8: 0.66666667 | S8: 0.9375 | T8: =IFERROR(MOD(S8-P8,1)-MOD(R8-Q8,1),"") -> 0.27083333 | U8: OFF | V8: OFF | W8: OFF | X8: OFF | Y8: =IFERROR(MOD(X8-U8,1)-MOD(W8-V8,1),"") | Z8: OFF | AA8: OFF | AB8: OFF | AC8: OFF | AD8: =IFERROR(MOD(AC8-Z8,1)-MOD(AB8-AA8,1),"") | AE8: 0.29166667 | AH8: 0.5625 | AI8: =IFERROR(MOD(AH8-AE8,1)-MOD(AG8-AF8,1),"") -> 0.27083333 | AJ8: 0.29166667 | AM8: 0.5625 | AN8: =IFERROR(MOD(AM8-AJ8,1)-MOD(AL8-AK8,1),"") -> 0.27083333 | AO8: =SUM(J8,O8,T8,Y8,AD8,AI8,AN8) -> 1.3541667
A9: SIMBO | B9: SAMIRA MOUSSA KONATE | D9: AMANA | E9: FFD | F9: OFF | G9: OFF | H9: OFF | I9: OFF | J9: =IFERROR(MOD(I9-F9,1)-MOD(H9-G9,1),"") | K9: 0.45833333 | L9: 0.70833333 | M9: 0.75 | N9: 0.875 | O9: =IFERROR(MOD(N9-K9,1)-MOD(M9-L9,1),"") -> 0.375 | P9: 0.35416667 | Q9: 0.58333333 | R9: 0.66666667 | S9: 0.77083333 | T9: =IFERROR(MOD(S9-P9,1)-MOD(R9-Q9,1),"") -> 0.33333333 | U9: 0.52083333 | V9: 0.70833333 | W9: 0.75 | X9: 0.9375 | Y9: =IFERROR(MOD(X9-U9,1)-MOD(W9-V9,1),"") -> 0.375 | Z9: 0.52083333 | AA9: 0.72916667 | AB9: 0.77083333 | AC9: 0.9375 | AD9: =IFERROR(MOD(AC9-Z9,1)-MOD(AB9-AA9,1),"") -> 0.375 | AE9: OFF | AF9: OFF | AG9: OFF | AH9: OFF | AI9: =IFERROR(MOD(AH9-AE9,1)-MOD(AG9-AF9,1),"") | AJ9: 0.33333333 | AK9: 0.58333333 | AL9: 0.66666667 | AM9: 0.75 | AN9: =IFERROR(MOD(AM9-AJ9,1)-MOD(AL9-AK9,1),"") -> 0.33333333 | AO9: =SUM(J9,O9,T9,Y9,AD9,AI9,AN9) -> 1.7916667
A10: PALAI | B10: AMINATOU BABA MARLYSE | D10: AMANA | E10: FFD | F10: 0.45833333 | G10: 0.6875 | H10: 0.77083333 | I10: 0.875 | J10: =IFERROR(MOD(I10-F10,1)-MOD(H10-G10,1),"") -> 0.33333333 | K10: 0.5 | L10: 0.75 | M10: 0.79166667 | N10: 0.91666667 | O10: =IFERROR(MOD(N10-K10,1)-MOD(M10-L10,1),"") -> 0.375 | P10: 0.54166667 | Q10: 0.75 | R10: 0.79166667 | S10: 0.9375 | T10: =IFERROR(MOD(S10-P10,1)-MOD(R10-Q10,1),"") -> 0.35416667 | U10: OFF | V10: OFF | W10: OFF | X10: OFF | Y10: =IFERROR(MOD(X10-U10,1)-MOD(W10-V10,1),"") | Z10: OFF | AA10: OFF | AB10: OFF | AC10: OFF | AD10: =IFERROR(MOD(AC10-Z10,1)-MOD(AB10-AA10,1),"") | AE10: 0.29166667 | AF10: 0.5 | AG10: 0.54166667 | AH10: 0.66666667 | AI10: =IFERROR(MOD(AH10-AE10,1)-MOD(AG10-AF10,1),"") -> 0.33333333 | AJ10: 0.29166667 | AK10: 0.5 | AL10: 0.54166667 | AM10: 0.66666667 | AN10: =IFERROR(MOD(AM10-AJ10,1)-MOD(AL10-AK10,1),"") -> 0.33333333 | AO10: =SUM(J10,O10,T10,Y10,AD10,AI10,AN10) -> 1.7291667
A11: MENDO | B11: ZOURMBA JAMES | D11: AMANA | E11: FFD | F11: OFF | G11: OFF | H11: OFF | I11: OFF | J11: =IFERROR(MOD(I11-F11,1)-MOD(H11-G11,1),"") | K11: 0.6875 | N11: 0.9375 | O11: =IFERROR(MOD(N11-K11,1)-MOD(M11-L11,1),"") -> 0.25 | P11: 0.52083333 | Q11: 0.6875 | R11: 0.75 | S11: 0.9375 | T11: =IFERROR(MOD(S11-P11,1)-MOD(R11-Q11,1),"") -> 0.35416667 | U11: 0.66666667 | X11: 0.9375 | Y11: =IFERROR(MOD(X11-U11,1)-MOD(W11-V11,1),"") -> 0.27083333 | Z11: 0.66666667 | AC11: 0.9375 | AD11: =IFERROR(MOD(AC11-Z11,1)-MOD(AB11-AA11,1),"") -> 0.27083333 | AE11: 0.54166667 | AF11: 0.70833333 | AG11: 0.75 | AH11: 0.9375 | AI11: =IFERROR(MOD(AH11-AE11,1)-MOD(AG11-AF11,1),"") -> 0.35416667 | AJ11: OFF | AK11: OFF | AL11: OFF | AM11: OFF | AN11: =IFERROR(MOD(AM11-AJ11,1)-MOD(AL11-AK11,1),"") | AO11: =SUM(J11,O11,T11,Y11,AD11,AI11,AN11) -> 1.5
A12: BRIQU | B12: BAGUIROU | C12: 6 | D12: AMANA | E12: FFD | F12: 0.6875 | I12: 0.9375 | J12: =IFERROR(MOD(I12-F12,1)-MOD(H12-G12,1),"") -> 0.25 | K12: 0.6875 | N12: 0.9375 | O12: =IFERROR(MOD(N12-K12,1)-MOD(M12-L12,1),"") -> 0.25 | P12: OFF | Q12: OFF | R12: OFF | S12: OFF | T12: =IFERROR(MOD(S12-P12,1)-MOD(R12-Q12,1),"") | U12: 0.6875 | X12: 0.9375 | Y12: =IFERROR(MOD(X12-U12,1)-MOD(W12-V12,1),"") -> 0.25 | Z12: 0.6875 | AC12: 0.9375 | AD12: =IFERROR(MOD(AC12-Z12,1)-MOD(AB12-AA12,1),"") -> 0.25 | AE12: 0.6875 | AH12: 0.9375 | AI12: =IFERROR(MOD(AH12-AE12,1)-MOD(AG12-AF12,1),"") -> 0.25 | AJ12: OFF | AK12: OFF | AL12: OFF | AM12: OFF | AN12: =IFERROR(MOD(AM12-AJ12,1)-MOD(AL12-AK12,1),"") | AO12: =SUM(J12,O12,T12,Y12,AD12,AI12,AN12) -> 1.25
A13: ETUDI | B13: BEN NIRYENE TONDJI FRANK LEPERS | C13: 6 | D13: AMANA | E13: FFD | F13: 0.6875 | I13: 0.9375 | J13: =IFERROR(MOD(I13-F13,1)-MOD(H13-G13,1),"") -> 0.25 | K13: 0.6875 | N13: 0.9375 | O13: =IFERROR(MOD(N13-K13,1)-MOD(M13-L13,1),"") -> 0.25 | P13: 0.6875 | S13: 0.9375 | T13: =IFERROR(MOD(S13-P13,1)-MOD(R13-Q13,1),"") -> 0.25 | U13: 0.6875 | X13: 0.9375 | Y13: =IFERROR(MOD(X13-U13,1)-MOD(W13-V13,1),"") -> 0.25 | Z13: 0.83333333 | AC13: 1 | AD13: =IFERROR(MOD(AC13-Z13,1)-MOD(AB13-AA13,1),"") -> 0.16666667 | AE13: 0 | AF13: 0.125 | AG13: 0.20833333 | AH13: 0.29166667 | AI13: =IFERROR(MOD(AH13-AE13,1)-MOD(AG13-AF13,1),"") -> 0.20833333 | AJ13: OFF | AK13: OFF | AL13: OFF | AM13: OFF | AN13: =IFERROR(MOD(AM13-AJ13,1)-MOD(AL13-AK13,1),"") | AO13: =SUM(J13,O13,T13,Y13,AD13,AI13,AN13) -> 1.375
A14: FOUGE | B14: BIN YAMINE AMADOU BOUBA | C14: 6 | D14: AMANA | E14: FFD | F14: 0.83333333 | I14: 1 | J14: =IFERROR(MOD(I14-F14,1)-MOD(H14-G14,1),"") -> 0.16666667 | K14: 0 | L14: 0.125 | M14: 0.20833333 | N14: 0.29166667 | O14: =IFERROR(MOD(N14-K14,1)-MOD(M14-L14,1),"") -> 0.20833333 | P14: OFF | Q14: OFF | R14: OFF | S14: OFF | T14: =IFERROR(MOD(S14-P14,1)-MOD(R14-Q14,1),"") | U14: 0.6875 | X14: 0.9375 | Y14: =IFERROR(MOD(X14-U14,1)-MOD(W14-V14,1),"") -> 0.25 | Z14: 0.6875 | AC14: 0.9375 | AD14: =IFERROR(MOD(AC14-Z14,1)-MOD(AB14-AA14,1),"") -> 0.25 | AE14: 0.6875 | AH14: 0.9375 | AI14: =IFERROR(MOD(AH14-AE14,1)-MOD(AG14-AF14,1),"") -> 0.25 | AJ14: 0.6875 | AM14: 0.9375 | AN14: =IFERROR(MOD(AM14-AJ14,1)-MOD(AL14-AK14,1),"") -> 0.25 | AO14: =SUM(J14,O14,T14,Y14,AD14,AI14,AN14) -> 1.375
A15: ELEVE | B15: DJAGARA MARKOUS | C15: 6 | D15: AMANA | E15: FFD | F15: 0.6875 | I15: 0.9375 | J15: =IFERROR(MOD(I15-F15,1)-MOD(H15-G15,1),"") -> 0.25 | K15: 0.91666667 | N15: 1 | O15: =IFERROR(MOD(N15-K15,1)-MOD(M15-L15,1),"") -> 0.083333333 | P15: 0 | Q15: 0.041666667 | R15: 0.125 | S15: 0.29166667 | T15: =IFERROR(MOD(S15-P15,1)-MOD(R15-Q15,1),"") -> 0.20833333 | U15: OFF | V15: OFF | W15: OFF | X15: OFF | Y15: =IFERROR(MOD(X15-U15,1)-MOD(W15-V15,1),"") | Z15: 0.6875 | AC15: 0.9375 | AD15: =IFERROR(MOD(AC15-Z15,1)-MOD(AB15-AA15,1),"") -> 0.25 | AE15: 0.6875 | AH15: 0.9375 | AI15: =IFERROR(MOD(AH15-AE15,1)-MOD(AG15-AF15,1),"") -> 0.25 | AJ15: 0.6875 | AM15: 0.9375 | AN15: =IFERROR(MOD(AM15-AJ15,1)-MOD(AL15-AK15,1),"") -> 0.25 | AO15: =SUM(J15,O15,T15,Y15,AD15,AI15,AN15) -> 1.2916667
A16: BITEN | B16: MOHAMAN BELLO HAMIDA | D16: AMANA | E16: FFD | F16: OFF | G16: OFF | H16: OFF | I16: OFF | J16: =IFERROR(MOD(I16-F16,1)-MOD(H16-G16,1),"") | K16: 0.29166667 | L16: 0.54166667 | M16: 0.58333333 | N16: 0.70833333 | O16: =IFERROR(MOD(N16-K16,1)-MOD(M16-L16,1),"") -> 0.375 | P16: 0.3125 | Q16: 0.54166667 | R16: 0.625 | S16: 0.72916667 | T16: =IFERROR(MOD(S16-P16,1)-MOD(R16-Q16,1),"") -> 0.33333333 | U16: OFF | V16: OFF | W16: OFF | X16: OFF | Y16: =IFERROR(MOD(X16-U16,1)-MOD(W16-V16,1),"") | Z16: 0.29166667 | AA16: 0.54166667 | AB16: 0.625 | AC16: 0.70833333 | AD16: =IFERROR(MOD(AC16-Z16,1)-MOD(AB16-AA16,1),"") -> 0.33333333 | AE16: 0.54166667 | AF16: 0.70833333 | AG16: 0.75 | AH16: 0.9375 | AI16: =IFERROR(MOD(AH16-AE16,1)-MOD(AG16-AF16,1),"") -> 0.35416667 | AJ16: 0.54166667 | AK16: 0.70833333 | AL16: 0.75 | AM16: 0.9375 | AN16: =IFERROR(MOD(AM16-AJ16,1)-MOD(AL16-AK16,1),"") -> 0.35416667 | AO16: =SUM(J16,O16,T16,Y16,AD16,AI16,AN16) -> 1.75
B17: MESSI MESSI KEVIN TANGUY | D17: ASSISTANCE | E17: FRE | F17: 0.83333333 | I17: 1 | J17: =IFERROR(MOD(I17-F17,1)-MOD(H17-G17,1),"") -> 0.16666667 | K17: 0 | L17: 0.29166667 | M17: 0.83333333 | N17: 1 | O17: 0.375 | P17: 0 | Q17: 0.125 | R17: 0.20833333 | S17: 0.29166667 | T17: =IFERROR(MOD(S17-P17,1)-MOD(R17-Q17,1),"") -> 0.20833333 | U17: OFF | V17: OFF | W17: OFF | X17: OFF | Y17: =IFERROR(MOD(X17-U17,1)-MOD(W17-V17,1),"") | Z17: 0.27083333 | AA17: 0.41666667 | AB17: 0.5 | AC17: 0.6875 | AD17: =IFERROR(MOD(AC17-Z17,1)-MOD(AB17-AA17,1),"") -> 0.33333333 | AE17: 0.5625 | AF17: 0.66666667 | AG17: 0.70833333 | AH17: 0.9375 | AI17: =IFERROR(MOD(AH17-AE17,1)-MOD(AG17-AF17,1),"") -> 0.33333333 | AJ17: 0.5625 | AK17: 0.75 | AL17: 0.79166667 | AM17: 0.9375 | AN17: =IFERROR(MOD(AM17-AJ17,1)-MOD(AL17-AK17,1),"") -> 0.33333333 | AO17: =SUM(J17,O17,T17,Y17,AD17,AI17,AN17) -> 1.75
B18: ALOCK A KIKI LYDIE GAELLE | D18: ASSISTANCE | E18: FRE | F18: 0.41666667 | G18: 0.58333333 | H18: 0.66666667 | I18: 0.83333333 | J18: =IFERROR(MOD(I18-F18,1)-MOD(H18-G18,1),"") -> 0.33333333 | K18: 0.54166667 | L18: 0.75 | M18: 0.79166667 | N18: 0.9375 | O18: =IFERROR(MOD(N18-K18,1)-MOD(M18-L18,1),"") -> 0.35416667 | P18: 0.54166667 | Q18: 0.79166667 | R18: 0.83333333 | S18: 0.9375 | T18: =IFERROR(MOD(S18-P18,1)-MOD(R18-Q18,1),"") -> 0.35416667 | U18: OFF | V18: OFF | W18: OFF | X18: OFF | Y18: =IFERROR(MOD(X18-U18,1)-MOD(W18-V18,1),"") | Z18: OFF | AA18: OFF | AB18: OFF | AC18: OFF | AD18: =IFERROR(MOD(AC18-Z18,1)-MOD(AB18-AA18,1),"") | AE18: 0.29166667 | AF18: 0.54166667 | AG18: 0.625 | AH18: 0.70833333 | AI18: =IFERROR(MOD(AH18-AE18,1)-MOD(AG18-AF18,1),"") -> 0.33333333 | AJ18: 0.29166667 | AK18: 0.54166667 | AL18: 0.625 | AM18: 0.70833333 | AN18: =IFERROR(MOD(AM18-AJ18,1)-MOD(AL18-AK18,1),"") -> 0.33333333 | AO18: =SUM(J18,O18,T18,Y18,AD18,AI18,AN18) -> 1.7083333
B19: MINKOE MENYE IRENE BIBICHE | D19: ASSISTANCE | E19: FRE | F19: 0.41666667 | G19: 0.58333333 | H19: 0.66666667 | I19: 0.83333333 | J19: =IFERROR(MOD(I19-F19,1)-MOD(H19-G19,1),"") -> 0.33333333 | K19: OFF | L19: OFF | M19: OFF | N19: OFF | O19: =IFERROR(MOD(N19-K19,1)-MOD(M19-L19,1),"") | P19: OFF | Q19: OFF | R19: OFF | S19: OFF | T19: =IFERROR(MOD(S19-P19,1)-MOD(R19-Q19,1),"") | U19: 0.45833333 | V19: 0.625 | W19: 0.66666667 | X19: 0.83333333 | Y19: =IFERROR(MOD(X19-U19,1)-MOD(W19-V19,1),"") -> 0.33333333 | Z19: 0.29166667 | AA19: 0.54166667 | AB19: 0.625 | AC19: 0.70833333 | AD19: =IFERROR(MOD(AC19-Z19,1)-MOD(AB19-AA19,1),"") -> 0.33333333 | AE19: 0.54166667 | AF19: 0.66666667 | AG19: 0.70833333 | AH19: 0.9375 | AI19: =IFERROR(MOD(AH19-AE19,1)-MOD(AG19-AF19,1),"") -> 0.35416667 | AJ19: 0.41666667 | AK19: 0.625 | AL19: 0.70833333 | AM19: 0.83333333 | AN19: =IFERROR(MOD(AM19-AJ19,1)-MOD(AL19-AK19,1),"") -> 0.33333333 | AO19: =SUM(J19,O19,T19,Y19,AD19,AI19,AN19) -> 1.6875
A20: NKOLF | B20: SADOU FRÉDÉRIC | D20: ASSISTANCE | E20: FRE | F20: 0.5 | G20: 0.625 | H20: 0.66666667 | I20: 0.875 | J20: =IFERROR(MOD(I20-F20,1)-MOD(H20-G20,1),"") -> 0.33333333 | K20: 0.83333333 | N20: 1 | O20: =IFERROR(MOD(N20-K20,1)-MOD(M20-L20,1),"") -> 0.16666667 | P20: 0 | Q20: 0.29166667 | R20: 0.83333333 | S20: 1 | T20: 0.375 | U20: 0 | V20: 0.16666667 | W20: 0.25 | X20: 0.29166667 | Y20: =IFERROR(MOD(X20-U20,1)-MOD(W20-V20,1),"") -> 0.20833333 | Z20: OFF | AA20: OFF | AB20: OFF | AC20: OFF | AD20: =IFERROR(MOD(AC20-Z20,1)-MOD(AB20-AA20,1),"") | AE20: 0.25 | AF20: 0.5 | AG20: 0.58333333 | AH20: 0.66666667 | AI20: =IFERROR(MOD(AH20-AE20,1)-MOD(AG20-AF20,1),"") -> 0.33333333 | AJ20: 0.54166667 | AK20: 0.70833333 | AL20: 0.75 | AM20: 0.9375 | AN20: =IFERROR(MOD(AM20-AJ20,1)-MOD(AL20-AK20,1),"") -> 0.35416667 | AO20: =SUM(J20,O20,T20,Y20,AD20,AI20,AN20) -> 1.7708333
A21: FEBE | B21: KAMRO MARLENE DIANE | D21: ASSISTANCE | E21: FRE | F21: 0.33333333 | G21: 0.54166667 | H21: 0.54166667 | I21: 0.66666667 | J21: =IFERROR(MOD(I21-F21,1)-MOD(H21-G21,1),"") -> 0.33333333 | K21: 0.39583333 | L21: 0.58333333 | M21: 0.66666667 | N21: 0.8125 | O21: =IFERROR(MOD(N21-K21,1)-MOD(M21-L21,1),"") -> 0.33333333 | P21: 0.41666667 | Q21: 0.66666667 | R21: 0.75 | S21: 0.83333333 | T21: =IFERROR(MOD(S21-P21,1)-MOD(R21-Q21,1),"") -> 0.33333333 | U21: 0.5 | V21: 0.66666667 | W21: 0.70833333 | X21: 0.875 | Y21: =IFERROR(MOD(X21-U21,1)-MOD(W21-V21,1),"") -> 0.33333333 | Z21: 0.54166667 | AA21: 0.75 | AB21: 0.79166667 | AC21: 0.9375 | AD21: =IFERROR(MOD(AC21-Z21,1)-MOD(AB21-AA21,1),"") -> 0.35416667 | AE21: OFF | AF21: OFF | AG21: OFF | AH21: OFF | AI21: =IFERROR(MOD(AH21-AE21,1)-MOD(AG21-AF21,1),"") | AJ21: OFF | AK21: OFF | AL21: OFF | AM21: OFF | AN21: =IFERROR(MOD(AM21-AJ21,1)-MOD(AL21-AK21,1),"") | AO21: =SUM(J21,O21,T21,Y21,AD21,AI21,AN21) -> 1.6875
A22: NKOMK | B22: SI NKOAARNOLD CEDRIC | D22: ASSISTANCE | E22: FRE | F22: 0.27083333 | G22: 0.41666667 | H22: 0.5 | I22: 0.6875 | J22: =IFERROR(MOD(I22-F22,1)-MOD(H22-G22,1),"") -> 0.33333333 | K22: 0.375 | L22: 0.625 | M22: 0.70833333 | N22: 0.79166667 | O22: =IFERROR(MOD(N22-K22,1)-MOD(M22-L22,1),"") -> 0.33333333 | P22: 0.25 | Q22: 0.41666667 | R22: 0.5 | S22: 0.66666667 | T22: =IFERROR(MOD(S22-P22,1)-MOD(R22-Q22,1),"") -> 0.33333333 | U22: 0.83333333 | X22: 1 | Y22: =IFERROR(MOD(X22-U22,1)-MOD(W22-V22,1),"") -> 0.16666667 | Z22: 0 | AA22: 0.29166667 | AB22: 0.83333333 | AC22: 1 | AD22: 0.375 | AE22: 0 | AF22: 0.083333333 | AG22: 0.16666667 | AH22: 0.29166667 | AI22: =IFERROR(MOD(AH22-AE22,1)-MOD(AG22-AF22,1),"") -> 0.20833333 | AJ22: OFF | AK22: OFF | AL22: OFF | AM22: OFF | AN22: =IFERROR(MOD(AM22-AJ22,1)-MOD(AL22-AK22,1),"") | AO22: =SUM(J22,O22,T22,Y22,AD22,AI22,AN22) -> 1.75
A23: SOA | B23: DENGUE ENGUENE ARLETTE PAULE | D23: ASSISTANCE | E23: FRE | F23: 0.54166667 | G23: 0.66666667 | H23: 0.70833333 | I23: 0.9375 | J23: =IFERROR(MOD(I23-F23,1)-MOD(H23-G23,1),"") -> 0.35416667 | K23: OFF | L23: OFF | M23: OFF | N23: OFF | O23: =IFERROR(MOD(N23-K23,1)-MOD(M23-L23,1),"") | P23: OFF | Q23: OFF | R23: OFF | S23: OFF | T23: =IFERROR(MOD(S23-P23,1)-MOD(R23-Q23,1),"") | U23: 0.29166667 | V23: 0.54166667 | W23: 0.625 | X23: 0.70833333 | Y23: =IFERROR(MOD(X23-U23,1)-MOD(W23-V23,1),"") -> 0.33333333 | Z23: 0.33333333 | AA23: 0.58333333 | AB23: 0.66666667 | AC23: 0.75 | AD23: =IFERROR(MOD(AC23-Z23,1)-MOD(AB23-AA23,1),"") -> 0.33333333 | AE23: 0.5 | AF23: 0.625 | AG23: 0.66666667 | AH23: 0.875 | AI23: =IFERROR(MOD(AH23-AE23,1)-MOD(AG23-AF23,1),"") -> 0.33333333 | AJ23: 0.4375 | AK23: 0.625 | AL23: 0.70833333 | AM23: 0.85416667 | AN23: =IFERROR(MOD(AM23-AJ23,1)-MOD(AL23-AK23,1),"") -> 0.33333333 | AO23: =SUM(J23,O23,T23,Y23,AD23,AI23,AN23) -> 1.6875
A24: PALAI | B24: TSEKAM LADORINE ARMELLE | D24: ASSISTANCE | E24: FRE | F24: 0.54166667 | G24: 0.66666667 | H24: 0.70833333 | I24: 0.91666667 | J24: =IFERROR(MOD(I24-F24,1)-MOD(H24-G24,1),"") -> 0.33333333 | K24: OFF | L24: OFF | M24: OFF | N24: OFF | O24: =IFERROR(MOD(N24-K24,1)-MOD(M24-L24,1),"") | P24: OFF | Q24: OFF | R24: OFF | S24: OFF | T24: =IFERROR(MOD(S24-P24,1)-MOD(R24-Q24,1),"") | U24: 0.29166667 | V24: 0.54166667 | W24: 0.625 | X24: 0.70833333 | Y24: =IFERROR(MOD(X24-U24,1)-MOD(W24-V24,1),"") -> 0.33333333 | Z24: 0.375 | AA24: 0.625 | AB24: 0.70833333 | AC24: 0.79166667 | AD24: =IFERROR(MOD(AC24-Z24,1)-MOD(AB24-AA24,1),"") -> 0.33333333 | AE24: 0.5 | AF24: 0.625 | AG24: 0.66666667 | AH24: 0.875 | AI24: =IFERROR(MOD(AH24-AE24,1)-MOD(AG24-AF24,1),"") -> 0.33333333 | AJ24: 0.52083333 | AK24: 0.66666667 | AL24: 0.70833333 | AM24: 0.89583333 | AN24: =IFERROR(MOD(AM24-AJ24,1)-MOD(AL24-AK24,1),"") -> 0.33333333 | AO24: =SUM(J24,O24,T24,Y24,AD24,AI24,AN24) -> 1.6666667
A25: ETUDI | B25: BADEFONA SOLANGE AUDREY GAELLE | D25: ASSISTANCE | E25: FRE | F25: 0.29166667 | G25: 0.41666667 | H25: 0.5 | I25: 0.70833333 | J25: =IFERROR(MOD(I25-F25,1)-MOD(H25-G25,1),"") -> 0.33333333 | K25: 0.33333333 | L25: 0.54166667 | M25: 0.625 | N25: 0.75 | O25: =IFERROR(MOD(N25-K25,1)-MOD(M25-L25,1),"") -> 0.33333333 | P25: 0.41666667 | Q25: 0.66666667 | R25: 0.75 | S25: 0.83333333 | T25: =IFERROR(MOD(S25-P25,1)-MOD(R25-Q25,1),"") -> 0.33333333 | U25: 0.54166667 | V25: 0.70833333 | W25: 0.75 | X25: 0.9375 | Y25: =IFERROR(MOD(X25-U25,1)-MOD(W25-V25,1),"") -> 0.35416667 | Z25: 0.54166667 | AA25: 0.75 | AB25: 0.79166667 | AC25: 0.91666667 | AD25: =IFERROR(MOD(AC25-Z25,1)-MOD(AB25-AA25,1),"") -> 0.33333333 | AE25: OFF | AF25: OFF | AG25: OFF | AH25: OFF | AI25: =IFERROR(MOD(AH25-AE25,1)-MOD(AG25-AF25,1),"") | AJ25: OFF | AK25: OFF | AL25: OFF | AM25: OFF | AN25: =IFERROR(MOD(AM25-AJ25,1)-MOD(AL25-AK25,1),"") | AO25: =SUM(J25,O25,T25,Y25,AD25,AI25,AN25) -> 1.6875
A26: ETOA | B26: PAKI OLIVE LAURETTE | D26: ASSISTANCE | E26: FRE | F26: 0.29166667 | G26: 0.5 | H26: 0.58333333 | I26: 0.70833333 | J26: =IFERROR(MOD(I26-F26,1)-MOD(H26-G26,1),"") -> 0.33333333 | K26: 0.3125 | L26: 0.41666667 | M26: 0.5 | N26: 0.72916667 | O26: =IFERROR(MOD(N26-K26,1)-MOD(M26-L26,1),"") -> 0.33333333 | P26: 0.3125 | Q26: 0.54166667 | R26: 0.625 | S26: 0.72916667 | T26: =IFERROR(MOD(S26-P26,1)-MOD(R26-Q26,1),"") -> 0.33333333 | U26: 0.375 | V26: 0.625 | W26: 0.70833333 | X26: 0.79166667 | Y26: =IFERROR(MOD(X26-U26,1)-MOD(W26-V26,1),"") -> 0.33333333 | Z26: 0.375 | AA26: 0.58333333 | AB26: 0.66666667 | AC26: 0.79166667 | AD26: =IFERROR(MOD(AC26-Z26,1)-MOD(AB26-AA26,1),"") -> 0.33333333 | AE26: OFF | AF26: OFF | AG26: OFF | AH26: OFF | AI26: =IFERROR(MOD(AH26-AE26,1)-MOD(AG26-AF26,1),"") | AJ26: OFF | AK26: OFF | AL26: OFF | AM26: OFF | AN26: =IFERROR(MOD(AM26-AJ26,1)-MOD(AL26-AK26,1),"") | AO26: =SUM(J26,O26,T26,Y26,AD26,AI26,AN26) -> 1.6666667
A27: SOA | B27: KIAMBA POUPIE GAELLE | C27: TT | D27: ASSISTANCE | E27: FRE | F27: 0.33333333 | G27: 0.54166667 | H27: 0.58333333 | I27: 0.66666667 | J27: =IFERROR(MOD(I27-F27,1)-MOD(H27-G27,1),"") -> 0.29166667 | K27: 0.33333333 | L27: 0.54166667 | M27: 0.58333333 | N27: 0.66666667 | O27: =IFERROR(MOD(N27-K27,1)-MOD(M27-L27,1),"") -> 0.29166667 | P27: 0.35416667 | Q27: 0.58333333 | R27: 0.625 | S27: 0.6875 | T27: =IFERROR(MOD(S27-P27,1)-MOD(R27-Q27,1),"") -> 0.29166667 | U27: OFF | V27: OFF | W27: OFF | X27: OFF | Y27: =IFERROR(MOD(X27-U27,1)-MOD(W27-V27,1),"") | Z27: OFF | AA27: OFF | AB27: OFF | AC27: OFF | AD27: =IFERROR(MOD(AC27-Z27,1)-MOD(AB27-AA27,1),"") | AE27: 0.35416667 | AF27: 0.58333333 | AG27: 0.625 | AH27: 0.6875 | AI27: =IFERROR(MOD(AH27-AE27,1)-MOD(AG27-AF27,1),"") -> 0.29166667 | AJ27: 0.35416667 | AK27: 0.54166667 | AL27: 0.58333333 | AM27: 0.6875 | AN27: =IFERROR(MOD(AM27-AJ27,1)-MOD(AL27-AK27,1),"") -> 0.29166667 | AO27: =SUM(J27,O27,T27,Y27,AD27,AI27,AN27) -> 1.4583333
A28: BIYEM | B28: TCHOUADJE SIWE CHRISTOPHE COLOMB | C28: S | D28: ASSISTANCE | E28: FRE | F28: 0.66666667 | I28: 0.9375 | J28: =IFERROR(MOD(I28-F28,1)-MOD(H28-G28,1),"") -> 0.27083333 | K28: 0.66666667 | N28: 0.9375 | O28: =IFERROR(MOD(N28-K28,1)-MOD(M28-L28,1),"") -> 0.27083333 | P28: 0.66666667 | S28: 0.9375 | T28: =IFERROR(MOD(S28-P28,1)-MOD(R28-Q28,1),"") -> 0.27083333 | U28: OFF | V28: OFF | W28: OFF | X28: OFF | Y28: =IFERROR(MOD(X28-U28,1)-MOD(W28-V28,1),"") | Z28: OFF | AA28: OFF | AB28: OFF | AC28: OFF | AD28: =IFERROR(MOD(AC28-Z28,1)-MOD(AB28-AA28,1),"") | AE28: 0.66666667 | AH28: 0.9375 | AI28: =IFERROR(MOD(AH28-AE28,1)-MOD(AG28-AF28,1),"") -> 0.27083333 | AJ28: 0.66666667 | AM28: 0.9375 | AN28: =IFERROR(MOD(AM28-AJ28,1)-MOD(AL28-AK28,1),"") -> 0.27083333 | AO28: =SUM(J28,O28,T28,Y28,AD28,AI28,AN28) -> 1.3541667
B29: BANENLA CLAUDINE | D29: ASSISTANCE | E29: ENG | F29: 0.29166667 | G29: 0.54166667 | H29: 0.625 | I29: 0.70833333 | J29: =IFERROR(MOD(I29-F29,1)-MOD(H29-G29,1),"") -> 0.33333333 | K29: 0.29166667 | L29: 0.54166667 | M29: 0.58333333 | N29: 0.66666667 | O29: =IFERROR(MOD(N29-K29,1)-MOD(M29-L29,1),"") -> 0.33333333 | P29: 0.5 | Q29: 0.625 | R29: 0.66666667 | S29: 0.875 | T29: =IFERROR(MOD(S29-P29,1)-MOD(R29-Q29,1),"") -> 0.33333333 | U29: 0.54166667 | V29: 0.66666667 | W29: 0.70833333 | X29: 0.91666667 | Y29: =IFERROR(MOD(X29-U29,1)-MOD(W29-V29,1),"") -> 0.33333333 | Z29: 0.54166667 | AA29: 0.625 | AB29: 0.66666667 | AC29: 0.91666667 | AD29: =IFERROR(MOD(AC29-Z29,1)-MOD(AB29-AA29,1),"") -> 0.33333333 | AE29: OFF | AF29: OFF | AG29: OFF | AH29: OFF | AI29: =IFERROR(MOD(AH29-AE29,1)-MOD(AG29-AF29,1),"") | AJ29: OFF | AK29: OFF | AL29: OFF | AM29: OFF | AN29: =IFERROR(MOD(AM29-AJ29,1)-MOD(AL29-AK29,1),"") | AO29: =SUM(J29,O29,T29,Y29,AD29,AI29,AN29) -> 1.6666667
B30: MAMAH FOTSING SYNTIA | D30: AUDACITY | E30: FRE | F30: 0.5 | G30: 0.625 | H30: 0.66666667 | I30: 0.875 | J30: =IFERROR(MOD(I30-F30,1)-MOD(H30-G30,1),"") -> 0.33333333 | K30: 0.41666667 | L30: 0.625 | M30: 0.70833333 | N30: 0.83333333 | O30: =IFERROR(MOD(N30-K30,1)-MOD(M30-L30,1),"") -> 0.33333333 | P30: 0.52083333 | Q30: 0.75 | R30: 0.79166667 | S30: 0.89583333 | T30: =IFERROR(MOD(S30-P30,1)-MOD(R30-Q30,1),"") -> 0.33333333 | U30: OFF | V30: OFF | W30: OFF | X30: OFF | Y30: =IFERROR(MOD(X30-U30,1)-MOD(W30-V30,1),"") | Z30: OFF | AA30: OFF | AB30: OFF | AC30: OFF | AD30: =IFERROR(MOD(AC30-Z30,1)-MOD(AB30-AA30,1),"") | AE30: 0.29166667 | AF30: 0.54166667 | AG30: 0.625 | AH30: 0.70833333 | AI30: =IFERROR(MOD(AH30-AE30,1)-MOD(AG30-AF30,1),"") -> 0.33333333 | AJ30: 0.29166667 | AK30: 0.54166667 | AL30: 0.625 | AM30: 0.70833333 | AN30: =IFERROR(MOD(AM30-AJ30,1)-MOD(AL30-AK30,1),"") -> 0.33333333 | AO30: =SUM(J30,O30,T30,Y30,AD30,AI30,AN30) -> 1.6666667
A31: SOA | B31: LANTOUM MOUSIMA DANIEL JUNIOR | D31: AUDACITY | E31: FRE | F31: 0.83333333 | I31: 1 | J31: =IFERROR(MOD(I31-F31,1)-MOD(H31-G31,1),"") -> 0.16666667 | K31: 0 | L31: 0.125 | M31: 0.20833333 | N31: 0.29166667 | O31: =IFERROR(MOD(N31-K31,1)-MOD(M31-L31,1),"") -> 0.20833333 | P31: OFF | Q31: OFF | R31: OFF | S31: OFF | T31: =IFERROR(MOD(S31-P31,1)-MOD(R31-Q31,1),"") | U31: 0.27083333 | V31: 0.41666667 | W31: 0.5 | X31: 0.6875 | Y31: =IFERROR(MOD(X31-U31,1)-MOD(W31-V31,1),"") -> 0.33333333 | Z31: 0.27083333 | AA31: 0.41666667 | AB31: 0.5 | AC31: 0.6875 | AD31: =IFERROR(MOD(AC31-Z31,1)-MOD(AB31-AA31,1),"") -> 0.33333333 | AE31: 0.5625 | AF31: 0.66666667 | AG31: 0.70833333 | AH31: 0.9375 | AI31: =IFERROR(MOD(AH31-AE31,1)-MOD(AG31-AF31,1),"") -> 0.33333333 | AJ31: 0.5625 | AK31: 0.75 | AL31: 0.79166667 | AM31: 0.9375 | AN31: =IFERROR(MOD(AM31-AJ31,1)-MOD(AL31-AK31,1),"") -> 0.33333333 | AO31: =SUM(J31,O31,T31,Y31,AD31,AI31,AN31) -> 1.7083333
A32: OKOLA | B32: KOUMBA EMILIENNE FRANCE LAETITIA | D32: AUDACITY | E32: FRE | F32: 0.54166667 | G32: 0.66666667 | H32: 0.70833333 | I32: 0.9375 | J32: =IFERROR(MOD(I32-F32,1)-MOD(H32-G32,1),"") -> 0.35416667 | K32: OFF | L32: OFF | M32: OFF | N32: OFF | O32: =IFERROR(MOD(N32-K32,1)-MOD(M32-L32,1),"") | P32: OFF | Q32: OFF | R32: OFF | S32: OFF | T32: =IFERROR(MOD(S32-P32,1)-MOD(R32-Q32,1),"") | U32: 0.29166667 | V32: 0.54166667 | W32: 0.625 | X32: 0.70833333 | Y32: =IFERROR(MOD(X32-U32,1)-MOD(W32-V32,1),"") -> 0.33333333 | Z32: 0.41666667 | AA32: 0.66666667 | AB32: 0.75 | AC32: 0.83333333 | AD32: =IFERROR(MOD(AC32-Z32,1)-MOD(AB32-AA32,1),"") -> 0.33333333 | AE32: 0.4375 | AF32: 0.58333333 | AG32: 0.66666667 | AH32: 0.85416667 | AI32: =IFERROR(MOD(AH32-AE32,1)-MOD(AG32-AF32,1),"") -> 0.33333333 | AJ32: 0.52083333 | AK32: 0.66666667 | AL32: 0.70833333 | AM32: 0.89583333 | AN32: =IFERROR(MOD(AM32-AJ32,1)-MOD(AL32-AK32,1),"") -> 0.33333333 | AO32: =SUM(J32,O32,T32,Y32,AD32,AI32,AN32) -> 1.6875
A33: SOA | B33: APKEH CARINE LAURICE | D33: AUDACITY | E33: FRE | F33: 0.5625 | G33: 0.79166667 | H33: 0.83333333 | I33: 0.9375 | J33: =IFERROR(MOD(I33-F33,1)-MOD(H33-G33,1),"") -> 0.33333333 | K33: OFF | L33: OFF | M33: OFF | N33: OFF | O33: =IFERROR(MOD(N33-K33,1)-MOD(M33-L33,1),"") | P33: OFF | Q33: OFF | R33: OFF | S33: OFF | T33: =IFERROR(MOD(S33-P33,1)-MOD(R33-Q33,1),"") | U33: 0.33333333 | V33: 0.58333333 | W33: 0.66666667 | X33: 0.75 | Y33: =IFERROR(MOD(X33-U33,1)-MOD(W33-V33,1),"") -> 0.33333333 | Z33: 0.3125 | AA33: 0.54166667 | AB33: 0.625 | AC33: 0.72916667 | AD33: =IFERROR(MOD(AC33-Z33,1)-MOD(AB33-AA33,1),"") -> 0.33333333 | AE33: 0.5 | AF33: 0.625 | AG33: 0.66666667 | AH33: 0.875 | AI33: =IFERROR(MOD(AH33-AE33,1)-MOD(AG33-AF33,1),"") -> 0.33333333 | AJ33: 0.39583333 | AK33: 0.625 | AL33: 0.70833333 | AM33: 0.8125 | AN33: =IFERROR(MOD(AM33-AJ33,1)-MOD(AL33-AK33,1),"") -> 0.33333333 | AO33: =SUM(J33,O33,T33,Y33,AD33,AI33,AN33) -> 1.6666667
A34: OLEMB | B34: NKOUMOU ANYOUZOA MYRIAM | D34: AUDACITY | E34: FRE | F34: 0.29166667 | G34: 0.54166667 | H34: 0.625 | I34: 0.70833333 | J34: =IFERROR(MOD(I34-F34,1)-MOD(H34-G34,1),"") -> 0.33333333 | K34: 0.29166667 | L34: 0.54166667 | M34: 0.625 | N34: 0.70833333 | O34: =IFERROR(MOD(N34-K34,1)-MOD(M34-L34,1),"") -> 0.33333333 | P34: 0.39583333 | Q34: 0.625 | R34: 0.70833333 | S34: 0.8125 | T34: =IFERROR(MOD(S34-P34,1)-MOD(R34-Q34,1),"") -> 0.33333333 | U34: 0.5 | V34: 0.66666667 | W34: 0.70833333 | X34: 0.875 | Y34: =IFERROR(MOD(X34-U34,1)-MOD(W34-V34,1),"") -> 0.33333333 | Z34: 0.45833333 | AA34: 0.70833333 | AB34: 0.75 | AC34: 0.83333333 | AD34: =IFERROR(MOD(AC34-Z34,1)-MOD(AB34-AA34,1),"") -> 0.33333333 | AE34: OFF | AF34: OFF | AG34: OFF | AH34: OFF | AI34: =IFERROR(MOD(AH34-AE34,1)-MOD(AG34-AF34,1),"") | AJ34: OFF | AK34: OFF | AL34: OFF | AM34: OFF | AN34: =IFERROR(MOD(AM34-AJ34,1)-MOD(AL34-AK34,1),"") | AO34: =SUM(J34,O34,T34,Y34,AD34,AI34,AN34) -> 1.6666667
A35: NKOLF | B35: ALIMA Marie Thérèse | D35: AUDACITY | E35: FRE | F35: 0.29166667 | G35: 0.5 | H35: 0.58333333 | I35: 0.70833333 | J35: =IFERROR(MOD(I35-F35,1)-MOD(H35-G35,1),"") -> 0.33333333 | K35: 0.3125 | L35: 0.41666667 | M35: 0.5 | N35: 0.72916667 | O35: =IFERROR(MOD(N35-K35,1)-MOD(M35-L35,1),"") -> 0.33333333 | P35: 0.3125 | Q35: 0.54166667 | R35: 0.625 | S35: 0.72916667 | T35: =IFERROR(MOD(S35-P35,1)-MOD(R35-Q35,1),"") -> 0.33333333 | U35: 0.5 | V35: 0.70833333 | W35: 0.75 | X35: 0.875 | Y35: =IFERROR(MOD(X35-U35,1)-MOD(W35-V35,1),"") -> 0.33333333 | Z35: 0.54166667 | AA35: 0.75 | AB35: 0.79166667 | AC35: 0.9375 | AD35: =IFERROR(MOD(AC35-Z35,1)-MOD(AB35-AA35,1),"") -> 0.35416667 | AE35: OFF | AF35: OFF | AG35: OFF | AH35: OFF | AI35: =IFERROR(MOD(AH35-AE35,1)-MOD(AG35-AF35,1),"") | AJ35: OFF | AK35: OFF | AL35: OFF | AM35: OFF | AN35: =IFERROR(MOD(AM35-AJ35,1)-MOD(AL35-AK35,1),"") | AO35: =SUM(J35,O35,T35,Y35,AD35,AI35,AN35) -> 1.6875
A36: FEBE | B36: SIDJE MBOUGUENG STEPHANIE | D36: AUDACITY | E36: FRE | F36: 0.41666667 | G36: 0.58333333 | H36: 0.66666667 | I36: 0.83333333 | J36: =IFERROR(MOD(I36-F36,1)-MOD(H36-G36,1),"") -> 0.33333333 | K36: 0.39583333 | L36: 0.58333333 | M36: 0.66666667 | N36: 0.8125 | O36: =IFERROR(MOD(N36-K36,1)-MOD(M36-L36,1),"") -> 0.33333333 | P36: OFF | Q36: OFF | R36: OFF | S36: OFF | T36: =IFERROR(MOD(S36-P36,1)-MOD(R36-Q36,1),"") | U36: OFF | V36: OFF | W36: OFF | X36: OFF | Y36: =IFERROR(MOD(X36-U36,1)-MOD(W36-V36,1),"") | Z36: 0.29166667 | AA36: 0.54166667 | AB36: 0.625 | AC36: 0.70833333 | AD36: =IFERROR(MOD(AC36-Z36,1)-MOD(AB36-AA36,1),"") -> 0.33333333 | AE36: 0.29166667 | AF36: 0.54166667 | AG36: 0.625 | AH36: 0.70833333 | AI36: =IFERROR(MOD(AH36-AE36,1)-MOD(AG36-AF36,1),"") -> 0.33333333 | AJ36: 0.3125 | AK36: 0.54166667 | AL36: 0.625 | AM36: 0.72916667 | AN36: =IFERROR(MOD(AM36-AJ36,1)-MOD(AL36-AK36,1),"") -> 0.33333333 | AO36: =SUM(J36,O36,T36,Y36,AD36,AI36,AN36) -> 1.6666667
A37: NKOMK | B37: MOUNG ESSOMBE CAROLE DESIREE | D37: AUDACITY | E37: FRE | F37: 0.29166667 | G37: 0.54166667 | H37: 0.625 | I37: 0.70833333 | J37: =IFERROR(MOD(I37-F37,1)-MOD(H37-G37,1),"") -> 0.33333333 | K37: 0.41666667 | L37: 0.58333333 | M37: 0.66666667 | N37: 0.83333333 | O37: =IFERROR(MOD(N37-K37,1)-MOD(M37-L37,1),"") -> 0.33333333 | P37: 0.41666667 | Q37: 0.66666667 | R37: 0.75 | S37: 0.83333333 | T37: =IFERROR(MOD(S37-P37,1)-MOD(R37-Q37,1),"") -> 0.33333333 | U37: 0.54166667 | V37: 0.70833333 | W37: 0.75 | X37: 0.9375 | Y37: =IFERROR(MOD(X37-U37,1)-MOD(W37-V37,1),"") -> 0.35416667 | Z37: OFF | AA37: OFF | AB37: OFF | AC37: OFF | AD37: =IFERROR(MOD(AC37-Z37,1)-MOD(AB37-AA37,1),"") | AE37: 0.29166667 | AF37: 0.54166667 | AG37: 0.625 | AH37: 0.70833333 | AI37: =IFERROR(MOD(AH37-AE37,1)-MOD(AG37-AF37,1),"") -> 0.33333333 | AJ37: OFF | AK37: OFF | AL37: OFF | AM37: OFF | AN37: =IFERROR(MOD(AM37-AJ37,1)-MOD(AL37-AK37,1),"") | AO37: =SUM(J37,O37,T37,Y37,AD37,AI37,AN37) -> 1.6875
A38: SOA | B38: MESSINA REGIS ALEXANDRA | C38: BU | D38: AUDACITY | E38: BU | J38: =IFERROR(MOD(I38-F38,1)-MOD(H38-G38,1),"") -> 0 | O38: =IFERROR(MOD(N38-K38,1)-MOD(M38-L38,1),"") -> 0 | T38: =IFERROR(MOD(S38-P38,1)-MOD(R38-Q38,1),"") -> 0 | Y38: =IFERROR(MOD(X38-U38,1)-MOD(W38-V38,1),"") -> 0 | AD38: =IFERROR(MOD(AC38-Z38,1)-MOD(AB38-AA38,1),"") -> 0 | AI38: =IFERROR(MOD(AH38-AE38,1)-MOD(AG38-AF38,1),"") -> 0 | AN38: =IFERROR(MOD(AM38-AJ38,1)-MOD(AL38-AK38,1),"") -> 0 | AO38: =SUM(J38,O38,T38,Y38,AD38,AI38,AN38) -> 0
A39: PALAI | B39: NGNIGNIPUTYA ALICE | C39: TT | D39: AUDACITY | E39: FRE | F39: 0.375 | G39: 0.58333333 | H39: 0.66666667 | I39: 0.70833333 | J39: =IFERROR(MOD(I39-F39,1)-MOD(H39-G39,1),"") -> 0.25 | K39: 0.35416667 | L39: 0.54166667 | M39: 0.58333333 | N39: 0.6875 | O39: =IFERROR(MOD(N39-K39,1)-MOD(M39-L39,1),"") -> 0.29166667 | P39: 0.35416667 | Q39: 0.58333333 | R39: 0.625 | S39: 0.6875 | T39: =IFERROR(MOD(S39-P39,1)-MOD(R39-Q39,1),"") -> 0.29166667 | U39: OFF | V39: OFF | W39: OFF | X39: OFF | Y39: =IFERROR(MOD(X39-U39,1)-MOD(W39-V39,1),"") | Z39: OFF | AA39: OFF | AB39: OFF | AC39: OFF | AD39: =IFERROR(MOD(AC39-Z39,1)-MOD(AB39-AA39,1),"") | AE39: 0.35416667 | AF39: 0.58333333 | AG39: 0.625 | AH39: 0.6875 | AI39: =IFERROR(MOD(AH39-AE39,1)-MOD(AG39-AF39,1),"") -> 0.29166667 | AJ39: 0.35416667 | AK39: 0.54166667 | AL39: 0.58333333 | AM39: 0.6875 | AN39: =IFERROR(MOD(AM39-AJ39,1)-MOD(AL39-AK39,1),"") -> 0.29166667 | AO39: =SUM(J39,O39,T39,Y39,AD39,AI39,AN39) -> 1.4166667
A40: ETUDI | B40: ETOUNOU AMOUGOU SOPHIE DORETTE | C40: TT | D40: AUDACITY | E40: FRE | F40: 0.35416667 | G40: 0.58333333 | H40: 0.625 | I40: 0.6875 | J40: =IFERROR(MOD(I40-F40,1)-MOD(H40-G40,1),"") -> 0.29166667 | K40: OFF | L40: OFF | M40: OFF | N40: OFF | O40: =IFERROR(MOD(N40-K40,1)-MOD(M40-L40,1),"") | P40: OFF | Q40: OFF | R40: OFF | S40: OFF | T40: =IFERROR(MOD(S40-P40,1)-MOD(R40-Q40,1),"") | U40: 0.35416667 | V40: 0.58333333 | W40: 0.625 | X40: 0.6875 | Y40: =IFERROR(MOD(X40-U40,1)-MOD(W40-V40,1),"") -> 0.29166667 | Z40: 0.35416667 | AA40: 0.54166667 | AB40: 0.58333333 | AC40: 0.6875 | AD40: =IFERROR(MOD(AC40-Z40,1)-MOD(AB40-AA40,1),"") -> 0.29166667 | AE40: 0.35416667 | AF40: 0.54166667 | AG40: 0.58333333 | AH40: 0.6875 | AI40: =IFERROR(MOD(AH40-AE40,1)-MOD(AG40-AF40,1),"") -> 0.29166667 | AJ40: 0.35416667 | AK40: 0.54166667 | AL40: 0.58333333 | AM40: 0.6875 | AN40: =IFERROR(MOD(AM40-AJ40,1)-MOD(AL40-AK40,1),"") -> 0.29166667 | AO40: =SUM(J40,O40,T40,Y40,AD40,AI40,AN40) -> 1.4583333
B41: OMVOA FOUDA SOPHIE FORT | D41: AUDACITY | E41: ENG | F41: 0.54166667 | G41: 0.66666667 | H41: 0.70833333 | I41: 0.91666667 | J41: =IFERROR(MOD(I41-F41,1)-MOD(H41-G41,1),"") -> 0.33333333 | K41: 0.54166667 | L41: 0.625 | M41: 0.66666667 | N41: 0.91666667 | O41: =IFERROR(MOD(N41-K41,1)-MOD(M41-L41,1),"") -> 0.33333333 | P41: OFF | Q41: OFF | R41: OFF | S41: OFF | T41: =IFERROR(MOD(S41-P41,1)-MOD(R41-Q41,1),"") | U41: OFF | V41: OFF | W41: OFF | X41: OFF | Y41: =IFERROR(MOD(X41-U41,1)-MOD(W41-V41,1),"") | Z41: 0.29166667 | AA41: 0.54166667 | AB41: 0.625 | AC41: 0.70833333 | AD41: =IFERROR(MOD(AC41-Z41,1)-MOD(AB41-AA41,1),"") -> 0.33333333 | AE41: 0.33333333 | AF41: 0.58333333 | AG41: 0.66666667 | AH41: 0.75 | AI41: =IFERROR(MOD(AH41-AE41,1)-MOD(AG41-AF41,1),"") -> 0.33333333 | AJ41: 0.54166667 | AK41: 0.66666667 | AL41: 0.70833333 | AM41: 0.91666667 | AN41: =IFERROR(MOD(AM41-AJ41,1)-MOD(AL41-AK41,1),"") -> 0.33333333 | AO41: =SUM(J41,O41,T41,Y41,AD41,AI41,AN41) -> 1.6666667
B42: NYOWIKE | D42: AUDACITY | E42: ENG | F42: 0.5625 | G42: 0.66666667 | H42: 0.70833333 | I42: 0.9375 | J42: =IFERROR(MOD(I42-F42,1)-MOD(H42-G42,1),"") -> 0.33333333 | K42: 0.52083333 | L42: 0.66666667 | M42: 0.75 | N42: 0.9375 | O42: =IFERROR(MOD(N42-K42,1)-MOD(M42-L42,1),"") -> 0.33333333 | P42: 0.5625 | Q42: 0.66666667 | R42: 0.70833333 | S42: 0.9375 | T42: =IFERROR(MOD(S42-P42,1)-MOD(R42-Q42,1),"") -> 0.33333333 | U42: OFF | V42: OFF | W42: OFF | X42: OFF | Y42: =IFERROR(MOD(X42-U42,1)-MOD(W42-V42,1),"") | Z42: OFF | AA42: OFF | AB42: OFF | AC42: OFF | AD42: =IFERROR(MOD(AC42-Z42,1)-MOD(AB42-AA42,1),"") | AE42: 0.29166667 | AF42: 0.54166667 | AG42: 0.625 | AH42: 0.70833333 | AI42: =IFERROR(MOD(AH42-AE42,1)-MOD(AG42-AF42,1),"") -> 0.33333333 | AJ42: 0.29166667 | AK42: 0.54166667 | AL42: 0.625 | AM42: 0.70833333 | AN42: =IFERROR(MOD(AM42-AJ42,1)-MOD(AL42-AK42,1),"") -> 0.33333333 | AO42: =SUM(J42,O42,T42,Y42,AD42,AI42,AN42) -> 1.6666667
A43: NKOLB | B43: IBRAHIM ABOUBAKAR | D43: BURAL | E43: FFD | F43: 0.6875 | I43: 0.9375 | J43: =IFERROR(MOD(I43-F43,1)-MOD(H43-G43,1),"") -> 0.25 | K43: 0.83333333 | N43: 1 | O43: =IFERROR(MOD(N43-K43,1)-MOD(M43-L43,1),"") -> 0.16666667 | P43: 0 | Q43: 0.125 | R43: 0.20833333 | S43: 0.29166667 | T43: =IFERROR(MOD(S43-P43,1)-MOD(R43-Q43,1),"") -> 0.20833333 | U43: OFF | V43: OFF | W43: OFF | X43: OFF | Y43: =IFERROR(MOD(X43-U43,1)-MOD(W43-V43,1),"") | Z43: 0.29166667 | AA43: 0.54166667 | AB43: 0.625 | AC43: 0.70833333 | AD43: =IFERROR(MOD(AC43-Z43,1)-MOD(AB43-AA43,1),"") -> 0.33333333 | AE43: 0.45833333 | AF43: 0.625 | AG43: 0.66666667 | AH43: 0.875 | AI43: =IFERROR(MOD(AH43-AE43,1)-MOD(AG43-AF43,1),"") -> 0.375 | AJ43: 0.54166667 | AK43: 0.75 | AL43: 0.79166667 | AM43: 0.9375 | AN43: =IFERROR(MOD(AM43-AJ43,1)-MOD(AL43-AK43,1),"") -> 0.35416667 | AO43: =SUM(J43,O43,T43,Y43,AD43,AI43,AN43) -> 1.6875
A44: MIMBO | B44: MOUHAMADOU NAZIROU IBN BABA HAMATOUKOUR | D44: BURAL | E44: FFD | F44: 0.52083333 | G44: 0.77083333 | H44: 0.8125 | I44: 0.9375 | J44: =IFERROR(MOD(I44-F44,1)-MOD(H44-G44,1),"") -> 0.375 | K44: 0.54166667 | L44: 0.75 | M44: 0.79166667 | N44: 0.9375 | O44: =IFERROR(MOD(N44-K44,1)-MOD(M44-L44,1),"") -> 0.35416667 | P44: 0.54166667 | Q44: 0.66666667 | R44: 0.70833333 | S44: 0.9375 | T44: =IFERROR(MOD(S44-P44,1)-MOD(R44-Q44,1),"") -> 0.35416667 | U44: OFF | V44: OFF | W44: OFF | X44: OFF | Y44: =IFERROR(MOD(X44-U44,1)-MOD(W44-V44,1),"") | Z44: OFF | AA44: OFF | AB44: OFF | AC44: OFF | AD44: =IFERROR(MOD(AC44-Z44,1)-MOD(AB44-AA44,1),"") | AE44: 0.41666667 | AF44: 0.70833333 | AG44: 0.75 | AH44: 0.83333333 | AI44: =IFERROR(MOD(AH44-AE44,1)-MOD(AG44-AF44,1),"") -> 0.375 | AJ44: 0.35416667 | AK44: 0.58333333 | AL44: 0.66666667 | AM44: 0.77083333 | AN44: =IFERROR(MOD(AM44-AJ44,1)-MOD(AL44-AK44,1),"") -> 0.33333333 | AO44: =SUM(J44,O44,T44,Y44,AD44,AI44,AN44) -> 1.7916667
A45: essos | B45: VOUNTAI DAMOUTCH | D45: BURAL | E45: FFD | F45: 0.27083333 | G45: 0.5 | H45: 0.54166667 | I45: 0.6875 | J45: =IFERROR(MOD(I45-F45,1)-MOD(H45-G45,1),"") -> 0.375 | K45: 0.29166667 | L45: 0.5 | M45: 0.54166667 | N45: 0.66666667 | O45: =IFERROR(MOD(N45-K45,1)-MOD(M45-L45,1),"") -> 0.33333333 | P45: 0.54166667 | Q45: 0.66666667 | R45: 0.70833333 | S45: 0.9375 | T45: =IFERROR(MOD(S45-P45,1)-MOD(R45-Q45,1),"") -> 0.35416667 | U45: 0.52083333 | V45: 0.72916667 | W45: 0.77083333 | X45: 0.9375 | Y45: =IFERROR(MOD(X45-U45,1)-MOD(W45-V45,1),"") -> 0.375 | Z45: OFF | AA45: OFF | AB45: OFF | AC45: OFF | AD45: =IFERROR(MOD(AC45-Z45,1)-MOD(AB45-AA45,1),"") | AE45: OFF | AF45: OFF | AG45: OFF | AH45: OFF | AI45: =IFERROR(MOD(AH45-AE45,1)-MOD(AG45-AF45,1),"") | AJ45: 0.29166667 | AK45: 0.54166667 | AL45: 0.58333333 | AM45: 0.70833333 | AN45: =IFERROR(MOD(AM45-AJ45,1)-MOD(AL45-AK45,1),"") -> 0.375 | AO45: =SUM(J45,O45,T45,Y45,AD45,AI45,AN45) -> 1.8125
A46: MVAN | B46: ABDEL NACER OUMAROU SEIDOU | D46: BURAL | E46: FFD | F46: 0.5 | G46: 0.72916667 | H46: 0.77083333 | I46: 0.89583333 | J46: =IFERROR(MOD(I46-F46,1)-MOD(H46-G46,1),"") -> 0.35416667 | K46: 0.27083333 | L46: 0.54166667 | M46: 0.625 | N46: 0.6875 | O46: =IFERROR(MOD(N46-K46,1)-MOD(M46-L46,1),"") -> 0.33333333 | P46: 0.41666667 | Q46: 0.625 | R46: 0.70833333 | S46: 0.83333333 | T46: =IFERROR(MOD(S46-P46,1)-MOD(R46-Q46,1),"") -> 0.33333333 | U46: 0.83333333 | X46: 1 | Y46: =IFERROR(MOD(X46-U46,1)-MOD(W46-V46,1),"") -> 0.16666667 | Z46: 0 | AA46: 0.125 | AB46: 0.20833333 | AC46: 0.29166667 | AD46: =IFERROR(MOD(AC46-Z46,1)-MOD(AB46-AA46,1),"") -> 0.20833333 | AE46: 0.375 | AF46: 0.58333333 | AG46: 0.66666667 | AH46: 0.79166667 | AI46: =IFERROR(MOD(AH46-AE46,1)-MOD(AG46-AF46,1),"") -> 0.33333333 | AJ46: OFF | AK46: OFF | AL46: OFF | AM46: OFF | AN46: =IFERROR(MOD(AM46-AJ46,1)-MOD(AL46-AK46,1),"") | AO46: =SUM(J46,O46,T46,Y46,AD46,AI46,AN46) -> 1.7291667
B47: MOKHTAR KASSOUA | D47: BURAL | E47: FFD | F47: OFF | G47: OFF | H47: OFF | I47: OFF | J47: =IFERROR(MOD(I47-F47,1)-MOD(H47-G47,1),"") | K47: OFF | L47: OFF | M47: OFF | N47: OFF | O47: =IFERROR(MOD(N47-K47,1)-MOD(M47-L47,1),"") | P47: 0.27083333 | Q47: 0.41666667 | R47: 0.5 | S47: 0.6875 | T47: =IFERROR(MOD(S47-P47,1)-MOD(R47-Q47,1),"") -> 0.33333333 | U47: 0.52083333 | V47: 0.75 | W47: 0.79166667 | X47: 0.9375 | Y47: =IFERROR(MOD(X47-U47,1)-MOD(W47-V47,1),"") -> 0.375 | Z47: 0.39583333 | AA47: 0.625 | AB47: 0.70833333 | AC47: 0.8125 | AD47: =IFERROR(MOD(AC47-Z47,1)-MOD(AB47-AA47,1),"") -> 0.33333333 | AE47: 0.54166667 | AF47: 0.70833333 | AG47: 0.75 | AH47: 0.9375 | AI47: =IFERROR(MOD(AH47-AE47,1)-MOD(AG47-AF47,1),"") -> 0.35416667 | AJ47: 0.54166667 | AK47: 0.75 | AL47: 0.79166667 | AM47: 0.9375 | AN47: =IFERROR(MOD(AM47-AJ47,1)-MOD(AL47-AK47,1),"") -> 0.35416667 | AO47: =SUM(J47,O47,T47,Y47,AD47,AI47,AN47) -> 1.75
B48: AISSATOU Dahirou | D48: BURAL | E48: FFD | F48: 0.45833333 | G48: 0.6875 | H48: 0.77083333 | I48: 0.875 | J48: =IFERROR(MOD(I48-F48,1)-MOD(H48-G48,1),"") -> 0.33333333 | K48: 0.45833333 | L48: 0.72916667 | M48: 0.77083333 | N48: 0.875 | O48: =IFERROR(MOD(N48-K48,1)-MOD(M48-L48,1),"") -> 0.375 | P48: 0.45833333 | Q48: 0.66666667 | R48: 0.70833333 | S48: 0.875 | T48: =IFERROR(MOD(S48-P48,1)-MOD(R48-Q48,1),"") -> 0.375 | U48: OFF | V48: OFF | W48: OFF | X48: OFF | Y48: =IFERROR(MOD(X48-U48,1)-MOD(W48-V48,1),"") | Z48: OFF | AA48: OFF | AB48: OFF | AC48: OFF | AD48: =IFERROR(MOD(AC48-Z48,1)-MOD(AB48-AA48,1),"") | AE48: 0.45833333 | AF48: 0.66666667 | AG48: 0.70833333 | AH48: 0.875 | AI48: =IFERROR(MOD(AH48-AE48,1)-MOD(AG48-AF48,1),"") -> 0.375 | AJ48: 0.45833333 | AK48: 0.64583333 | AL48: 0.72916667 | AM48: 0.875 | AN48: =IFERROR(MOD(AM48-AJ48,1)-MOD(AL48-AK48,1),"") -> 0.33333333 | AO48: =SUM(J48,O48,T48,Y48,AD48,AI48,AN48) -> 1.7916667
B49: SIDDIKI OUSMANOU | D49: BURAL | E49: FFD | F49: OFF | G49: OFF | H49: OFF | I49: OFF | J49: =IFERROR(MOD(I49-F49,1)-MOD(H49-G49,1),"") | K49: OFF | L49: OFF | M49: OFF | N49: OFF | O49: =IFERROR(MOD(N49-K49,1)-MOD(M49-L49,1),"") | P49: 0.41666667 | Q49: 0.58333333 | R49: 0.66666667 | S49: 0.83333333 | T49: =IFERROR(MOD(S49-P49,1)-MOD(R49-Q49,1),"") -> 0.33333333 | U49: 0.47916667 | V49: 0.625 | W49: 0.66666667 | X49: 0.89583333 | Y49: =IFERROR(MOD(X49-U49,1)-MOD(W49-V49,1),"") -> 0.375 | Z49: 0.52083333 | AA49: 0.77083333 | AB49: 0.8125 | AC49: 0.9375 | AD49: =IFERROR(MOD(AC49-Z49,1)-MOD(AB49-AA49,1),"") -> 0.375 | AE49: 0.54166667 | AF49: 0.70833333 | AG49: 0.75 | AH49: 0.9375 | AI49: =IFERROR(MOD(AH49-AE49,1)-MOD(AG49-AF49,1),"") -> 0.35416667 | AJ49: 0.6875 | AM49: 0.9375 | AN49: =IFERROR(MOD(AM49-AJ49,1)-MOD(AL49-AK49,1),"") -> 0.25 | AO49: =SUM(J49,O49,T49,Y49,AD49,AI49,AN49) -> 1.6875
B50: ALIOU Saidou | D50: BURAL | E50: FFD | F50: CA | G50: CA | H50: CA | I50: CA | J50: =IFERROR(MOD(I50-F50,1)-MOD(H50-G50,1),"") | K50: CA | L50: CA | M50: CA | N50: CA | O50: =IFERROR(MOD(N50-K50,1)-MOD(M50-L50,1),"") | P50: CA | Q50: CA | R50: CA | S50: CA | T50: =IFERROR(MOD(S50-P50,1)-MOD(R50-Q50,1),"") | U50: CA | V50: CA | W50: CA | X50: CA | Y50: =IFERROR(MOD(X50-U50,1)-MOD(W50-V50,1),"") | Z50: CA | AA50: CA | AB50: CA | AC50: CA | AD50: =IFERROR(MOD(AC50-Z50,1)-MOD(AB50-AA50,1),"") | AE50: CA | AF50: CA | AG50: CA | AH50: CA | AI50: =IFERROR(MOD(AH50-AE50,1)-MOD(AG50-AF50,1),"") | AJ50: CA | AK50: CA | AL50: CA | AM50: CA | AN50: =IFERROR(MOD(AM50-AJ50,1)-MOD(AL50-AK50,1),"") | AO50: =SUM(J50,O50,T50,Y50,AD50,AI50,AN50) -> 0
B51: NGAYAWANAKA DJALLO Claude | D51: BURAL | E51: FFD | F51: 0.66666667 | I51: 0.9375 | J51: =IFERROR(MOD(I51-F51,1)-MOD(H51-G51,1),"") -> 0.27083333 | K51: 0.66666667 | N51: 0.9375 | O51: =IFERROR(MOD(N51-K51,1)-MOD(M51-L51,1),"") -> 0.27083333 | P51: OFF | Q51: OFF | R51: OFF | S51: OFF | T51: =IFERROR(MOD(S51-P51,1)-MOD(R51-Q51,1),"") | U51: OFF | V51: OFF | W51: OFF | X51: OFF | Y51: =IFERROR(MOD(X51-U51,1)-MOD(W51-V51,1),"") | Z51: 0.3125 | AA51: 0.5 | AB51: 0.58333333 | AC51: 0.6875 | AD51: =IFERROR(MOD(AC51-Z51,1)-MOD(AB51-AA51,1),"") -> 0.29166667 | AE51: 0.45833333 | AF51: 0.625 | AG51: 0.66666667 | AH51: 0.875 | AI51: =IFERROR(MOD(AH51-AE51,1)-MOD(AG51-AF51,1),"") -> 0.375 | AJ51: 0.66666667 | AM51: 0.9375 | AN51: =IFERROR(MOD(AM51-AJ51,1)-MOD(AL51-AK51,1),"") -> 0.27083333 | AO51: =SUM(J51,O51,T51,Y51,AD51,AI51,AN51) -> 1.4791667
B52: MOHAMADOU SEINI | D52: BURAL | E52: FFD | F52: 0.27083333 | G52: 0.5 | H52: 0.54166667 | I52: 0.6875 | J52: =IFERROR(MOD(I52-F52,1)-MOD(H52-G52,1),"") -> 0.375 | K52: 0.4375 | L52: 0.70833333 | M52: 0.75 | N52: 0.85416667 | O52: =IFERROR(MOD(N52-K52,1)-MOD(M52-L52,1),"") -> 0.375 | P52: OFF | Q52: OFF | R52: OFF | S52: OFF | T52: =IFERROR(MOD(S52-P52,1)-MOD(R52-Q52,1),"") | U52: OFF | V52: OFF | W52: OFF | X52: OFF | Y52: =IFERROR(MOD(X52-U52,1)-MOD(W52-V52,1),"") | Z52: 0.52083333 | AA52: 0.75 | AB52: 0.79166667 | AC52: 0.9375 | AD52: =IFERROR(MOD(AC52-Z52,1)-MOD(AB52-AA52,1),"") -> 0.375 | AE52: 0.54166667 | AF52: 0.72916667 | AG52: 0.77083333 | AH52: 0.9375 | AI52: =IFERROR(MOD(AH52-AE52,1)-MOD(AG52-AF52,1),"") -> 0.35416667 | AJ52: 0.625 | AM52: 0.91666667 | AN52: =IFERROR(MOD(AM52-AJ52,1)-MOD(AL52-AK52,1),"") -> 0.29166667 | AO52: =SUM(J52,O52,T52,Y52,AD52,AI52,AN52) -> 1.7708333
B53: DJANABOU SOULEYMANOU | D53: BURAL | E53: FFD | F53: 0.45833333 | G53: 0.6875 | H53: 0.77083333 | I53: 0.875 | J53: =IFERROR(MOD(I53-F53,1)-MOD(H53-G53,1),"") -> 0.33333333 | K53: 0.41666667 | L53: 0.70833333 | M53: 0.75 | N53: 0.83333333 | O53: =IFERROR(MOD(N53-K53,1)-MOD(M53-L53,1),"") -> 0.375 | P53: OFF | Q53: OFF | R53: OFF | S53: OFF | T53: =IFERROR(MOD(S53-P53,1)-MOD(R53-Q53,1),"") | U53: 0.45833333 | V53: 0.72916667 | W53: 0.77083333 | X53: 0.875 | Y53: =IFERROR(MOD(X53-U53,1)-MOD(W53-V53,1),"") -> 0.375 | Z53: OFF | AA53: OFF | AB53: OFF | AC53: OFF | AD53: =IFERROR(MOD(AC53-Z53,1)-MOD(AB53-AA53,1),"") | AE53: 0.29166667 | AF53: 0.58333333 | AG53: 0.625 | AH53: 0.70833333 | AI53: =IFERROR(MOD(AH53-AE53,1)-MOD(AG53-AF53,1),"") -> 0.375 | AJ53: 0.54166667 | AK53: 0.72916667 | AL53: 0.77083333 | AM53: 0.9375 | AN53: =IFERROR(MOD(AM53-AJ53,1)-MOD(AL53-AK53,1),"") -> 0.35416667 | AO53: =SUM(J53,O53,T53,Y53,AD53,AI53,AN53) -> 1.8125
B54: WAKEM WAMBE NARCISSE JOEL | D54: BURAL | E54: FFD | F54: 0.52083333 | G54: 0.75 | H54: 0.79166667 | I54: 0.9375 | J54: =IFERROR(MOD(I54-F54,1)-MOD(H54-G54,1),"") -> 0.375 | K54: 0.33333333 | L54: 0.54166667 | M54: 0.58333333 | N54: 0.66666667 | O54: =IFERROR(MOD(N54-K54,1)-MOD(M54-L54,1),"") -> 0.29166667 | P54: 0.54166667 | Q54: 0.66666667 | R54: 0.70833333 | S54: 0.9375 | T54: =IFERROR(MOD(S54-P54,1)-MOD(R54-Q54,1),"") -> 0.35416667 | U54: OFF | V54: OFF | W54: OFF | X54: OFF | Y54: =IFERROR(MOD(X54-U54,1)-MOD(W54-V54,1),"") | Z54: OFF | AA54: OFF | AB54: OFF | AC54: OFF | AD54: =IFERROR(MOD(AC54-Z54,1)-MOD(AB54-AA54,1),"") | AE54: 0.5 | AF54: 0.66666667 | AG54: 0.70833333 | AH54: 0.91666667 | AI54: =IFERROR(MOD(AH54-AE54,1)-MOD(AG54-AF54,1),"") -> 0.375 | AJ54: 0.54166667 | AK54: 0.72916667 | AL54: 0.77083333 | AM54: 0.9375 | AN54: =IFERROR(MOD(AM54-AJ54,1)-MOD(AL54-AK54,1),"") -> 0.35416667 | AO54: =SUM(J54,O54,T54,Y54,AD54,AI54,AN54) -> 1.75
B55: ABDOURAHMAN HAMIDOU | C55: TAD | D55: BURAL | E55: FFD | F55: 0.35416667 | G55: 0.5625 | H55: 0.83333333 | I55: 1 | J55: =IFERROR(MOD(I55-F55,1)-MOD(H55-G55,1),"") -> 0.375 | K55: 0.39583333 | L55: 0.625 | M55: 0.85416667 | N55: 1 | O55: =IFERROR(MOD(N55-K55,1)-MOD(M55-L55,1),"") -> 0.375 | P55: 0.83333333 | S55: 1 | T55: =IFERROR(MOD(S55-P55,1)-MOD(R55-Q55,1),"") -> 0.16666667 | U55: 0 | V55: 0.083333333 | W55: 0.16666667 | X55: 0.29166667 | Y55: =IFERROR(MOD(X55-U55,1)-MOD(W55-V55,1),"") -> 0.20833333 | Z55: 0 | AA55: 0.083333333 | AB55: 0.16666667 | AC55: 0.29166667 | AD55: =IFERROR(MOD(AC55-Z55,1)-MOD(AB55-AA55,1),"") -> 0.20833333 | AE55: OFF | AF55: OFF | AG55: OFF | AH55: OFF | AI55: =IFERROR(MOD(AH55-AE55,1)-MOD(AG55-AF55,1),"") | AJ55: 0.33333333 | AK55: 0.58333333 | AL55: 0.66666667 | AM55: 0.75 | AN55: =IFERROR(MOD(AM55-AJ55,1)-MOD(AL55-AK55,1),"") -> 0.33333333 | AO55: =SUM(J55,O55,T55,Y55,AD55,AI55,AN55) -> 1.6666667
A56: ETOA | B56: NDJAKO A ABOH Arnaud | D56: CONNEXION+ | E56: FRE | F56: 0.52083333 | G56: 0.66666667 | H56: 0.70833333 | I56: 0.9375 | J56: =IFERROR(MOD(I56-F56,1)-MOD(H56-G56,1),"") -> 0.375 | K56: 0.54166667 | L56: 0.70833333 | M56: 0.75 | N56: 0.9375 | O56: =IFERROR(MOD(N56-K56,1)-MOD(M56-L56,1),"") -> 0.35416667 | P56: 0.54166667 | Q56: 0.79166667 | R56: 0.83333333 | S56: 0.9375 | T56: =IFERROR(MOD(S56-P56,1)-MOD(R56-Q56,1),"") -> 0.35416667 | U56: OFF | V56: OFF | W56: OFF | X56: OFF | Y56: =IFERROR(MOD(X56-U56,1)-MOD(W56-V56,1),"") | Z56: OFF | AA56: OFF | AB56: OFF | AC56: OFF | AD56: =IFERROR(MOD(AC56-Z56,1)-MOD(AB56-AA56,1),"") | AE56: 0.25 | AF56: 0.5 | AG56: 0.58333333 | AH56: 0.66666667 | AI56: =IFERROR(MOD(AH56-AE56,1)-MOD(AG56-AF56,1),"") -> 0.33333333 | AJ56: 0.25 | AK56: 0.5 | AL56: 0.58333333 | AM56: 0.66666667 | AN56: =IFERROR(MOD(AM56-AJ56,1)-MOD(AL56-AK56,1),"") -> 0.33333333 | AO56: =SUM(J56,O56,T56,Y56,AD56,AI56,AN56) -> 1.75
A57: SOA | B57: NGO SONG MONIQUE | D57: CONNEXION+ | E57: FRE | F57: 0.29166667 | G57: 0.54166667 | H57: 0.625 | I57: 0.70833333 | J57: =IFERROR(MOD(I57-F57,1)-MOD(H57-G57,1),"") -> 0.33333333 | K57: 0.39583333 | L57: 0.58333333 | M57: 0.66666667 | N57: 0.8125 | O57: =IFERROR(MOD(N57-K57,1)-MOD(M57-L57,1),"") -> 0.33333333 | P57: 0.52083333 | Q57: 0.75 | R57: 0.79166667 | S57: 0.89583333 | T57: =IFERROR(MOD(S57-P57,1)-MOD(R57-Q57,1),"") -> 0.33333333 | U57: 0.5625 | V57: 0.75 | W57: 0.79166667 | X57: 0.9375 | Y57: =IFERROR(MOD(X57-U57,1)-MOD(W57-V57,1),"") -> 0.33333333 | Z57: OFF | AA57: OFF | AB57: OFF | AC57: OFF | AD57: =IFERROR(MOD(AC57-Z57,1)-MOD(AB57-AA57,1),"") | AE57: 0.29166667 | AF57: 0.54166667 | AG57: 0.625 | AH57: 0.70833333 | AI57: =IFERROR(MOD(AH57-AE57,1)-MOD(AG57-AF57,1),"") -> 0.33333333 | AJ57: OFF | AK57: OFF | AL57: OFF | AM57: OFF | AN57: =IFERROR(MOD(AM57-AJ57,1)-MOD(AL57-AK57,1),"") | AO57: =SUM(J57,O57,T57,Y57,AD57,AI57,AN57) -> 1.6666667
A58: BIYEM | B58: NGO MBOUA GRACE | D58: CONNEXION+ | E58: FRE | F58: 0.54166667 | G58: 0.70833333 | H58: 0.75 | I58: 0.91666667 | J58: =IFERROR(MOD(I58-F58,1)-MOD(H58-G58,1),"") -> 0.33333333 | K58: OFF | L58: OFF | M58: OFF | N58: OFF | O58: =IFERROR(MOD(N58-K58,1)-MOD(M58-L58,1),"") | P58: OFF | Q58: OFF | R58: OFF | S58: OFF | T58: =IFERROR(MOD(S58-P58,1)-MOD(R58-Q58,1),"") | U58: 0.29166667 | V58: 0.54166667 | W58: 0.625 | X58: 0.70833333 | Y58: =IFERROR(MOD(X58-U58,1)-MOD(W58-V58,1),"") -> 0.33333333 | Z58: 0.33333333 | AA58: 0.58333333 | AB58: 0.66666667 | AC58: 0.75 | AD58: =IFERROR(MOD(AC58-Z58,1)-MOD(AB58-AA58,1),"") -> 0.33333333 | AE58: 0.5 | AF58: 0.625 | AG58: 0.66666667 | AH58: 0.875 | AI58: =IFERROR(MOD(AH58-AE58,1)-MOD(AG58-AF58,1),"") -> 0.33333333 | AJ58: 0.39583333 | AK58: 0.625 | AL58: 0.70833333 | AM58: 0.8125 | AN58: =IFERROR(MOD(AM58-AJ58,1)-MOD(AL58-AK58,1),"") -> 0.33333333 | AO58: =SUM(J58,O58,T58,Y58,AD58,AI58,AN58) -> 1.6666667
A59: MIMBO | B59: WATCHE KENMI LINDA FRANCESCA | D59: CONNEXION+ | E59: FRE | F59: OFF | G59: OFF | H59: OFF | I59: OFF | J59: =IFERROR(MOD(I59-F59,1)-MOD(H59-G59,1),"") | K59: OFF | L59: OFF | M59: OFF | N59: OFF | O59: =IFERROR(MOD(N59-K59,1)-MOD(M59-L59,1),"") | P59: 0.29166667 | Q59: 0.5 | R59: 0.58333333 | S59: 0.70833333 | T59: =IFERROR(MOD(S59-P59,1)-MOD(R59-Q59,1),"") -> 0.33333333 | U59: 0.375 | V59: 0.625 | W59: 0.70833333 | X59: 0.79166667 | Y59: =IFERROR(MOD(X59-U59,1)-MOD(W59-V59,1),"") -> 0.33333333 | Z59: 0.41666667 | AA59: 0.66666667 | AB59: 0.75 | AC59: 0.83333333 | AD59: =IFERROR(MOD(AC59-Z59,1)-MOD(AB59-AA59,1),"") -> 0.33333333 | AE59: 0.54166667 | AF59: 0.66666667 | AG59: 0.70833333 | AH59: 0.9375 | AI59: =IFERROR(MOD(AH59-AE59,1)-MOD(AG59-AF59,1),"") -> 0.35416667 | AJ59: 0.54166667 | AK59: 0.70833333 | AL59: 0.75 | AM59: 0.9375 | AN59: =IFERROR(MOD(AM59-AJ59,1)-MOD(AL59-AK59,1),"") -> 0.35416667 | AO59: =SUM(J59,O59,T59,Y59,AD59,AI59,AN59) -> 1.7083333
B60: ENADA PAUL SAMUEL | D60: CONNEXION+ | E60: FRE | F60: OFF | G60: OFF | H60: OFF | I60: OFF | J60: =IFERROR(MOD(I60-F60,1)-MOD(H60-G60,1),"") | K60: OFF | L60: OFF | M60: OFF | N60: OFF | O60: =IFERROR(MOD(N60-K60,1)-MOD(M60-L60,1),"") | P60: 0.27083333 | Q60: 0.41666667 | R60: 0.5 | S60: 0.6875 | T60: =IFERROR(MOD(S60-P60,1)-MOD(R60-Q60,1),"") -> 0.33333333 | U60: 0.33333333 | V60: 0.58333333 | W60: 0.66666667 | X60: 0.75 | Y60: =IFERROR(MOD(X60-U60,1)-MOD(W60-V60,1),"") -> 0.33333333 | Z60: 0.54166667 | AA60: 0.75 | AB60: 0.79166667 | AC60: 0.9375 | AD60: =IFERROR(MOD(AC60-Z60,1)-MOD(AB60-AA60,1),"") -> 0.35416667 | AE60: 0.54166667 | AF60: 0.66666667 | AG60: 0.70833333 | AH60: 0.9375 | AI60: =IFERROR(MOD(AH60-AE60,1)-MOD(AG60-AF60,1),"") -> 0.35416667 | AJ60: 0.5625 | AK60: 0.75 | AL60: 0.79166667 | AM60: 0.9375 | AN60: =IFERROR(MOD(AM60-AJ60,1)-MOD(AL60-AK60,1),"") -> 0.33333333 | AO60: =SUM(J60,O60,T60,Y60,AD60,AI60,AN60) -> 1.7083333
A61: EMANA | B61: NGOUNOU ESPERANDA SEPHORA | D61: CONNEXION+ | E61: FRE | F61: 0.5 | G61: 0.625 | H61: 0.66666667 | I61: 0.875 | J61: =IFERROR(MOD(I61-F61,1)-MOD(H61-G61,1),"") -> 0.33333333 | K61: 0.41666667 | L61: 0.58333333 | M61: 0.66666667 | N61: 0.83333333 | O61: =IFERROR(MOD(N61-K61,1)-MOD(M61-L61,1),"") -> 0.33333333 | P61: 0.54166667 | Q61: 0.79166667 | R61: 0.83333333 | S61: 0.9375 | T61: =IFERROR(MOD(S61-P61,1)-MOD(R61-Q61,1),"") -> 0.35416667 | U61: OFF | V61: OFF | W61: OFF | X61: OFF | Y61: =IFERROR(MOD(X61-U61,1)-MOD(W61-V61,1),"") | Z61: OFF | AA61: OFF | AB61: OFF | AC61: OFF | AD61: =IFERROR(MOD(AC61-Z61,1)-MOD(AB61-AA61,1),"") | AE61: 0.29166667 | AF61: 0.54166667 | AG61: 0.625 | AH61: 0.70833333 | AI61: =IFERROR(MOD(AH61-AE61,1)-MOD(AG61-AF61,1),"") -> 0.33333333 | AJ61: 0.3125 | AK61: 0.54166667 | AL61: 0.625 | AM61: 0.72916667 | AN61: =IFERROR(MOD(AM61-AJ61,1)-MOD(AL61-AK61,1),"") -> 0.33333333 | AO61: =SUM(J61,O61,T61,Y61,AD61,AI61,AN61) -> 1.6875
A62: FOUGE | B62: BOHONO BOMONO EGENIE | D62: CONNEXION+ | E62: FRE | F62: OFF | G62: OFF | H62: OFF | I62: OFF | J62: =IFERROR(MOD(I62-F62,1)-MOD(H62-G62,1),"") | K62: OFF | L62: OFF | M62: OFF | N62: OFF | O62: =IFERROR(MOD(N62-K62,1)-MOD(M62-L62,1),"") | P62: 0.29166667 | Q62: 0.5 | R62: 0.58333333 | S62: 0.70833333 | T62: =IFERROR(MOD(S62-P62,1)-MOD(R62-Q62,1),"") -> 0.33333333 | U62: 0.375 | V62: 0.625 | W62: 0.70833333 | X62: 0.79166667 | Y62: =IFERROR(MOD(X62-U62,1)-MOD(W62-V62,1),"") -> 0.33333333 | Z62: 0.41666667 | AA62: 0.66666667 | AB62: 0.75 | AC62: 0.83333333 | AD62: =IFERROR(MOD(AC62-Z62,1)-MOD(AB62-AA62,1),"") -> 0.33333333 | AE62: 0.54166667 | AF62: 0.66666667 | AG62: 0.70833333 | AH62: 0.91666667 | AI62: =IFERROR(MOD(AH62-AE62,1)-MOD(AG62-AF62,1),"") -> 0.33333333 | AJ62: 0.54166667 | AK62: 0.70833333 | AL62: 0.75 | AM62: 0.9375 | AN62: =IFERROR(MOD(AM62-AJ62,1)-MOD(AL62-AK62,1),"") -> 0.35416667 | AO62: =SUM(J62,O62,T62,Y62,AD62,AI62,AN62) -> 1.6875
A63: BIYEM | B63: NEICHE NGAPIAPSI CHRISTIAN STEVE | D63: CONNEXION+ | E63: FRE | F63: 0.5625 | G63: 0.79166667 | H63: 0.83333333 | I63: 0.9375 | J63: =IFERROR(MOD(I63-F63,1)-MOD(H63-G63,1),"") -> 0.33333333 | K63: 0.5625 | L63: 0.79166667 | M63: 0.83333333 | N63: 0.9375 | O63: =IFERROR(MOD(N63-K63,1)-MOD(M63-L63,1),"") -> 0.33333333 | P63: 0.54166667 | Q63: 0.79166667 | R63: 0.83333333 | S63: 0.9375 | T63: =IFERROR(MOD(S63-P63,1)-MOD(R63-Q63,1),"") -> 0.35416667 | U63: OFF | V63: OFF | W63: OFF | X63: OFF | Y63: =IFERROR(MOD(X63-U63,1)-MOD(W63-V63,1),"") | Z63: OFF | AA63: OFF | AB63: OFF | AC63: OFF | AD63: =IFERROR(MOD(AC63-Z63,1)-MOD(AB63-AA63,1),"") | AE63: 0.27083333 | AF63: 0.5 | AG63: 0.58333333 | AH63: 0.6875 | AI63: =IFERROR(MOD(AH63-AE63,1)-MOD(AG63-AF63,1),"") -> 0.33333333 | AJ63: 0.5625 | AK63: 0.79166667 | AL63: 0.83333333 | AM63: 0.9375 | AN63: =IFERROR(MOD(AM63-AJ63,1)-MOD(AL63-AK63,1),"") -> 0.33333333 | AO63: =SUM(J63,O63,T63,Y63,AD63,AI63,AN63) -> 1.6875
A64: MIMBO | B64: NGOUNOUE IDA LAETICIA | D64: CONNEXION+ | E64: FRE | F64: 0.29166667 | G64: 0.54166667 | H64: 0.625 | I64: 0.70833333 | J64: =IFERROR(MOD(I64-F64,1)-MOD(H64-G64,1),"") -> 0.33333333 | K64: 0.29166667 | L64: 0.54166667 | M64: 0.625 | N64: 0.70833333 | O64: =IFERROR(MOD(N64-K64,1)-MOD(M64-L64,1),"") -> 0.33333333 | P64: 0.5 | Q64: 0.75 | R64: 0.79166667 | S64: 0.875 | T64: =IFERROR(MOD(S64-P64,1)-MOD(R64-Q64,1),"") -> 0.33333333 | U64: 0.54166667 | V64: 0.70833333 | W64: 0.75 | X64: 0.9375 | Y64: =IFERROR(MOD(X64-U64,1)-MOD(W64-V64,1),"") -> 0.35416667 | Z64: 0.5 | AA64: 0.75 | AB64: 0.79166667 | AC64: 0.875 | AD64: =IFERROR(MOD(AC64-Z64,1)-MOD(AB64-AA64,1),"") -> 0.33333333 | AE64: OFF | AF64: OFF | AG64: OFF | AH64: OFF | AI64: =IFERROR(MOD(AH64-AE64,1)-MOD(AG64-AF64,1),"") | AJ64: OFF | AK64: OFF | AL64: OFF | AM64: OFF | AN64: =IFERROR(MOD(AM64-AJ64,1)-MOD(AL64-AK64,1),"") | AO64: =SUM(J64,O64,T64,Y64,AD64,AI64,AN64) -> 1.6875
A65: mangu | B65: NGUENANG NGAKO GAEL BRICE | D65: CONNEXION+ | E65: FRE | F65: 0.27083333 | G65: 0.41666667 | H65: 0.5 | I65: 0.6875 | J65: =IFERROR(MOD(I65-F65,1)-MOD(H65-G65,1),"") -> 0.33333333 | K65: 0.27083333 | L65: 0.41666667 | M65: 0.5 | N65: 0.6875 | O65: =IFERROR(MOD(N65-K65,1)-MOD(M65-L65,1),"") -> 0.33333333 | P65: 0.3125 | Q65: 0.54166667 | R65: 0.625 | S65: 0.72916667 | T65: =IFERROR(MOD(S65-P65,1)-MOD(R65-Q65,1),"") -> 0.33333333 | U65: 0.54166667 | V65: 0.70833333 | W65: 0.75 | X65: 0.9375 | Y65: =IFERROR(MOD(X65-U65,1)-MOD(W65-V65,1),"") -> 0.35416667 | Z65: 0.5 | AA65: 0.75 | AB65: 0.79166667 | AC65: 0.875 | AD65: =IFERROR(MOD(AC65-Z65,1)-MOD(AB65-AA65,1),"") -> 0.33333333 | AE65: OFF | AF65: OFF | AG65: OFF | AH65: OFF | AI65: =IFERROR(MOD(AH65-AE65,1)-MOD(AG65-AF65,1),"") | AJ65: OFF | AK65: OFF | AL65: OFF | AM65: OFF | AN65: =IFERROR(MOD(AM65-AJ65,1)-MOD(AL65-AK65,1),"") | AO65: =SUM(J65,O65,T65,Y65,AD65,AI65,AN65) -> 1.6875
A66: MVOGA | B66: NJOUGOUO DIANE VERDAINE | D66: CONNEXION+ | E66: FRE | F66: 0.52083333 | G66: 0.625 | H66: 0.66666667 | I66: 0.89583333 | J66: =IFERROR(MOD(I66-F66,1)-MOD(H66-G66,1),"") -> 0.33333333 | K66: 0.54166667 | L66: 0.77083333 | M66: 0.8125 | N66: 0.9375 | O66: =IFERROR(MOD(N66-K66,1)-MOD(M66-L66,1),"") -> 0.35416667 | P66: 0.54166667 | Q66: 0.79166667 | R66: 0.83333333 | S66: 0.9375 | T66: =IFERROR(MOD(S66-P66,1)-MOD(R66-Q66,1),"") -> 0.35416667 | U66: OFF | V66: OFF | W66: OFF | X66: OFF | Y66: =IFERROR(MOD(X66-U66,1)-MOD(W66-V66,1),"") | Z66: OFF | AA66: OFF | AB66: OFF | AC66: OFF | AD66: =IFERROR(MOD(AC66-Z66,1)-MOD(AB66-AA66,1),"") | AE66: 0.29166667 | AF66: 0.54166667 | AG66: 0.625 | AH66: 0.70833333 | AI66: =IFERROR(MOD(AH66-AE66,1)-MOD(AG66-AF66,1),"") -> 0.33333333 | AJ66: 0.3125 | AK66: 0.54166667 | AL66: 0.625 | AM66: 0.72916667 | AN66: =IFERROR(MOD(AM66-AJ66,1)-MOD(AL66-AK66,1),"") -> 0.33333333 | AO66: =SUM(J66,O66,T66,Y66,AD66,AI66,AN66) -> 1.7083333
B67: DJOUEGO TCHAMO BELINDA | D67: CONNEXION+ | E67: ENG | F67: 0.54166667 | G67: 0.70833333 | H67: 0.75 | I67: 0.91666667 | J67: =IFERROR(MOD(I67-F67,1)-MOD(H67-G67,1),"") -> 0.33333333 | K67: 0.875 | N67: 1 | O67: =IFERROR(MOD(N67-K67,1)-MOD(M67-L67,1),"") -> 0.125 | P67: 0 | Q67: 0.29166667 | R67: 0.875 | S67: 1 | T67: 0.375 | U67: 0 | V67: 0.083333333 | W67: 0.16666667 | X67: 0.29166667 | Y67: =IFERROR(MOD(X67-U67,1)-MOD(W67-V67,1),"") -> 0.20833333 | Z67: OFF | AA67: OFF | AB67: OFF | AC67: OFF | AD67: =IFERROR(MOD(AC67-Z67,1)-MOD(AB67-AA67,1),"") | AE67: 0.29166667 | AF67: 0.5 | AG67: 0.54166667 | AH67: 0.66666667 | AI67: =IFERROR(MOD(AH67-AE67,1)-MOD(AG67-AF67,1),"") -> 0.33333333 | AJ67: 0.54166667 | AK67: 0.70833333 | AL67: 0.75 | AM67: 0.91666667 | AN67: =IFERROR(MOD(AM67-AJ67,1)-MOD(AL67-AK67,1),"") -> 0.33333333 | AO67: =SUM(J67,O67,T67,Y67,AD67,AI67,AN67) -> 1.7083333
B68: ABOMO Gladys | C68: TT | D68: DISTRIBUTEURS | E68: 8911 | F68: OFF | G68: OFF | H68: OFF | I68: OFF | J68: =IFERROR(MOD(I68-F68,1)-(H68-G68),"") | K68: 0.29166667 | L68: 0.54166667 | M68: 0.58333333 | N68: 0.625 | O68: =IFERROR(MOD(N68-K68,1)-(M68-L68),"") -> 0.29166667 | P68: 0.29166667 | Q68: 0.54166667 | R68: 0.58333333 | S68: 0.625 | T68: =IFERROR(MOD(S68-P68,1)-(R68-Q68),"") -> 0.29166667 | U68: 0.29166667 | V68: 0.54166667 | W68: 0.58333333 | X68: 0.625 | Y68: =IFERROR(MOD(X68-U68,1)-(W68-V68),"") -> 0.29166667 | Z68: 0.29166667 | AA68: 0.54166667 | AB68: 0.58333333 | AC68: 0.625 | AD68: =IFERROR(MOD(AC68-Z68,1)-(AB68-AA68),"") -> 0.29166667 | AE68: 0.29166667 | AF68: 0.54166667 | AG68: 0.58333333 | AH68: 0.625 | AI68: =IFERROR(MOD(AH68-AE68,1)-(AG68-AF68),"") -> 0.29166667 | AJ68: OFF | AK68: OFF | AL68: OFF | AM68: OFF | AN68: =IFERROR(MOD(AM68-AJ68,1)-(AL68-AK68),"") | AO68: =SUM(J68,O68,T68,Y68,AD68,AI68,AN68) -> 1.4583333
B69: BAMABITINA PATRICK LONGIN | D69: DISTRIBUTEURS | E69: 8911 | F69: OFF | G69: OFF | H69: OFF | I69: OFF | J69: =IFERROR(MOD(I69-F69,1)-(H69-G69),"") | K69: OFF | L69: OFF | M69: OFF | N69: OFF | O69: =IFERROR(MOD(N69-K69,1)-(M69-L69),"") | P69: 0.29166667 | Q69: 0.54166667 | R69: 0.625 | S69: 0.70833333 | T69: =IFERROR(MOD(S69-P69,1)-(R69-Q69),"") -> 0.33333333 | U69: 0.375 | V69: 0.54166667 | W69: 0.58333333 | X69: 0.75 | Y69: =IFERROR(MOD(X69-U69,1)-(W69-V69),"") -> 0.33333333 | Z69: 0.54166667 | AA69: 0.66666667 | AB69: 0.70833333 | AC69: 0.91666667 | AD69: =IFERROR(MOD(AC69-Z69,1)-(AB69-AA69),"") -> 0.33333333 | AE69: 0.54166667 | AF69: 0.66666667 | AG69: 0.70833333 | AH69: 0.91666667 | AI69: =IFERROR(MOD(AH69-AE69,1)-(AG69-AF69),"") -> 0.33333333 | AJ69: 0.54166667 | AK69: 0.66666667 | AL69: 0.70833333 | AM69: 0.91666667 | AN69: =IFERROR(MOD(AM69-AJ69,1)-(AL69-AK69),"") -> 0.33333333 | AO69: =SUM(J69,O69,T69,Y69,AD69,AI69,AN69) -> 1.6666667
B70: EDIMEGO NELVINE | D70: DISTRIBUTEURS | E70: 8911 | F70: 0.54166667 | G70: 0.66666667 | H70: 0.70833333 | I70: 0.91666667 | J70: =IFERROR(MOD(I70-F70,1)-(H70-G70),"") -> 0.33333333 | K70: 0.375 | L70: 0.54166667 | M70: 0.58333333 | N70: 0.75 | O70: =IFERROR(MOD(N70-K70,1)-(M70-L70),"") -> 0.33333333 | P70: OFF | Q70: OFF | R70: OFF | S70: OFF | T70: =IFERROR(MOD(S70-P70,1)-(R70-Q70),"") | U70: OFF | V70: OFF | W70: OFF | X70: OFF | Y70: =IFERROR(MOD(X70-U70,1)-(W70-V70),"") | Z70: 0.33333333 | AA70: 0.5 | AB70: 0.54166667 | AC70: 0.70833333 | AD70: =IFERROR(MOD(AC70-Z70,1)-(AB70-AA70),"") -> 0.33333333 | AE70: 0.54166667 | AF70: 0.66666667 | AG70: 0.70833333 | AH70: 0.91666667 | AI70: =IFERROR(MOD(AH70-AE70,1)-(AG70-AF70),"") -> 0.33333333 | AJ70: 0.54166667 | AK70: 0.66666667 | AL70: 0.70833333 | AM70: 0.91666667 | AN70: =IFERROR(MOD(AM70-AJ70,1)-(AL70-AK70),"") -> 0.33333333 | AO70: =SUM(J70,O70,T70,Y70,AD70,AI70,AN70) -> 1.6666667
B71: ENGAL MOUKOMO Blanche Pamela | D71: DISTRIBUTEURS | E71: 8911 | F71: 0.3125 | G71: 0.54166667 | H71: 0.625 | I71: 0.72916667 | J71: =IFERROR(MOD(I71-F71,1)-(H71-G71),"") -> 0.33333333 | K71: 0.54166667 | L71: 0.625 | M71: 0.66666667 | N71: 0.91666667 | O71: =IFERROR(MOD(N71-K71,1)-(M71-L71),"") -> 0.33333333 | P71: 0.54166667 | Q71: 0.625 | R71: 0.66666667 | S71: 0.91666667 | T71: =IFERROR(MOD(S71-P71,1)-(R71-Q71),"") -> 0.33333333 | U71: 0.54166667 | V71: 0.625 | W71: 0.66666667 | X71: 0.91666667 | Y71: =IFERROR(MOD(X71-U71,1)-(W71-V71),"") -> 0.33333333 | Z71: OFF | AA71: OFF | AB71: OFF | AC71: OFF | AD71: =IFERROR(MOD(AC71-Z71,1)-(AB71-AA71),"") | AE71: OFF | AF71: OFF | AG71: OFF | AH71: OFF | AI71: =IFERROR(MOD(AH71-AE71,1)-(AG71-AF71),"") | AJ71: 0.29166667 | AK71: 0.5 | AL71: 0.58333333 | AM71: 0.70833333 | AN71: =IFERROR(MOD(AM71-AJ71,1)-(AL71-AK71),"") -> 0.33333333 | AO71: =SUM(J71,O71,T71,Y71,AD71,AI71,AN71) -> 1.6666667
B72: FEUBI PAULINE MICHELLE | D72: DISTRIBUTEURS | E72: 8911 | F72: 0.47916667 | G72: 0.625 | H72: 0.66666667 | I72: 0.875 | J72: =IFERROR(MOD(I72-F72,1)-(H72-G72),"") -> 0.35416667 | K72: 0.5 | L72: 0.625 | M72: 0.66666667 | N72: 0.875 | O72: =IFERROR(MOD(N72-K72,1)-(M72-L72),"") -> 0.33333333 | P72: OFF | Q72: OFF | R72: OFF | S72: OFF | T72: =IFERROR(MOD(S72-P72,1)-(R72-Q72),"") | U72: OFF | V72: OFF | W72: OFF | X72: OFF | Y72: =IFERROR(MOD(X72-U72,1)-(W72-V72),"") | Z72: 0.29166667 | AA72: 0.54166667 | AB72: 0.625 | AC72: 0.70833333 | AD72: =IFERROR(MOD(AC72-Z72,1)-(AB72-AA72),"") -> 0.33333333 | AE72: 0.29166667 | AF72: 0.54166667 | AG72: 0.625 | AH72: 0.70833333 | AI72: =IFERROR(MOD(AH72-AE72,1)-(AG72-AF72),"") -> 0.33333333 | AJ72: 0.29166667 | AK72: 0.54166667 | AL72: 0.625 | AM72: 0.70833333 | AN72: =IFERROR(MOD(AM72-AJ72,1)-(AL72-AK72),"") -> 0.33333333 | AO72: =SUM(J72,O72,T72,Y72,AD72,AI72,AN72) -> 1.6875
B73: FOZIN JOUFFO GUILOU | D73: DISTRIBUTEURS | E73: 8911 | F73: OFF | G73: OFF | H73: OFF | I73: OFF | J73: =IFERROR(MOD(I73-F73,1)-(H73-G73),"") | K73: OFF | L73: OFF | M73: OFF | N73: OFF | O73: =IFERROR(MOD(N73-K73,1)-(M73-L73),"") | P73: 0.29166667 | Q73: 0.54166667 | R73: 0.58333333 | S73: 0.66666667 | T73: =IFERROR(MOD(S73-P73,1)-(R73-Q73),"") -> 0.33333333 | U73: 0.29166667 | V73: 0.5 | W73: 0.54166667 | X73: 0.66666667 | Y73: =IFERROR(MOD(X73-U73,1)-(W73-V73),"") -> 0.33333333 | Z73: 0.54166667 | AA73: 0.625 | AB73: 0.66666667 | AC73: 0.91666667 | AD73: =IFERROR(MOD(AC73-Z73,1)-(AB73-AA73),"") -> 0.33333333 | AE73: 0.45833333 | AF73: 0.58333333 | AG73: 0.66666667 | AH73: 0.89583333 | AI73: =IFERROR(MOD(AH73-AE73,1)-(AG73-AF73),"") -> 0.35416667 | AJ73: 0.54166667 | AK73: 0.625 | AL73: 0.66666667 | AM73: 0.91666667 | AN73: =IFERROR(MOD(AM73-AJ73,1)-(AL73-AK73),"") -> 0.33333333 | AO73: =SUM(J73,O73,T73,Y73,AD73,AI73,AN73) -> 1.6875
B74: KAMDEM NOUBIAP MIREILLE SYMBELINE | D74: DISTRIBUTEURS | E74: 8911 | F74: 0.33333333 | G74: 0.5 | H74: 0.54166667 | I74: 0.70833333 | J74: =IFERROR(MOD(I74-F74,1)-(H74-G74),"") -> 0.33333333 | K74: 0.29166667 | L74: 0.54166667 | M74: 0.625 | N74: 0.70833333 | O74: =IFERROR(MOD(N74-K74,1)-(M74-L74),"") -> 0.33333333 | P74: 0.5 | Q74: 0.625 | R74: 0.66666667 | S74: 0.89583333 | T74: =IFERROR(MOD(S74-P74,1)-(R74-Q74),"") -> 0.35416667 | U74: 0.54166667 | V74: 0.66666667 | W74: 0.70833333 | X74: 0.91666667 | Y74: =IFERROR(MOD(X74-U74,1)-(W74-V74),"") -> 0.33333333 | Z74: 0.5 | AA74: 0.625 | AB74: 0.66666667 | AC74: 0.875 | AD74: =IFERROR(MOD(AC74-Z74,1)-(AB74-AA74),"") -> 0.33333333 | AE74: OFF | AF74: OFF | AG74: OFF | AH74: OFF | AI74: =IFERROR(MOD(AH74-AE74,1)-(AG74-AF74),"") | AJ74: OFF | AK74: OFF | AL74: OFF | AM74: OFF | AN74: =IFERROR(MOD(AM74-AJ74,1)-(AL74-AK74),"") | AO74: =SUM(J74,O74,T74,Y74,AD74,AI74,AN74) -> 1.6875
B75: LEKAMA Athanase | D75: DISTRIBUTEURS | E75: 8911 | F75: 0.54166667 | G75: 0.625 | H75: 0.66666667 | I75: 0.91666667 | J75: =IFERROR(MOD(I75-F75,1)-(H75-G75),"") -> 0.33333333 | K75: 0.54166667 | L75: 0.66666667 | M75: 0.70833333 | N75: 0.91666667 | O75: =IFERROR(MOD(N75-K75,1)-(M75-L75),"") -> 0.33333333 | P75: 0.54166667 | Q75: 0.66666667 | R75: 0.70833333 | S75: 0.91666667 | T75: =IFERROR(MOD(S75-P75,1)-(R75-Q75),"") -> 0.33333333 | U75: OFF | V75: OFF | W75: OFF | X75: OFF | Y75: =IFERROR(MOD(X75-U75,1)-(W75-V75),"") | Z75: OFF | AA75: OFF | AB75: OFF | AC75: OFF | AD75: =IFERROR(MOD(AC75-Z75,1)-(AB75-AA75),"") | AE75: 0.29166667 | AF75: 0.54166667 | AG75: 0.58333333 | AH75: 0.66666667 | AI75: =IFERROR(MOD(AH75-AE75,1)-(AG75-AF75),"") -> 0.33333333 | AJ75: 0.29166667 | AK75: 0.54166667 | AL75: 0.625 | AM75: 0.70833333 | AN75: =IFERROR(MOD(AM75-AJ75,1)-(AL75-AK75),"") -> 0.33333333 | AO75: =SUM(J75,O75,T75,Y75,AD75,AI75,AN75) -> 1.6666667
B76: NOAH NOAH MAXIMIN SAURELLE | D76: DISTRIBUTEURS | E76: 8911 | F76: 0.5 | G76: 0.625 | H76: 0.66666667 | I76: 0.89583333 | J76: =IFERROR(MOD(I76-F76,1)-(H76-G76),"") -> 0.35416667 | K76: OFF | L76: OFF | M76: OFF | N76: OFF | O76: =IFERROR(MOD(N76-K76,1)-(M76-L76),"") | P76: OFF | Q76: OFF | R76: OFF | S76: OFF | T76: =IFERROR(MOD(S76-P76,1)-(R76-Q76),"") | U76: 0.29166667 | V76: 0.54166667 | W76: 0.625 | X76: 0.70833333 | Y76: =IFERROR(MOD(X76-U76,1)-(W76-V76),"") -> 0.33333333 | Z76: 0.29166667 | AA76: 0.54166667 | AB76: 0.625 | AC76: 0.70833333 | AD76: =IFERROR(MOD(AC76-Z76,1)-(AB76-AA76),"") -> 0.33333333 | AE76: 0.29166667 | AF76: 0.54166667 | AG76: 0.625 | AH76: 0.70833333 | AI76: =IFERROR(MOD(AH76-AE76,1)-(AG76-AF76),"") -> 0.33333333 | AJ76: 0.29166667 | AK76: 0.54166667 | AL76: 0.625 | AM76: 0.70833333 | AN76: =IFERROR(MOD(AM76-AJ76,1)-(AL76-AK76),"") -> 0.33333333 | AO76: =SUM(J76,O76,T76,Y76,AD76,AI76,AN76) -> 1.6875
B77: Toukap Mathilde | D77: DISTRIBUTEURS | E77: 8911 | F77: 0.29166667 | G77: 0.54166667 | H77: 0.58333333 | I77: 0.66666667 | J77: =IFERROR(MOD(I77-F77,1)-(H77-G77),"") -> 0.33333333 | K77: 0.29166667 | L77: 0.54166667 | M77: 0.60416667 | N77: 0.6875 | O77: =IFERROR(MOD(N77-K77,1)-(M77-L77),"") -> 0.33333333 | P77: 0.33333333 | Q77: 0.58333333 | R77: 0.625 | S77: 0.70833333 | T77: =IFERROR(MOD(S77-P77,1)-(R77-Q77),"") -> 0.33333333 | U77: 0.5 | V77: 0.625 | W77: 0.66666667 | X77: 0.89583333 | Y77: =IFERROR(MOD(X77-U77,1)-(W77-V77),"") -> 0.35416667 | Z77: 0.5 | AA77: 0.625 | AB77: 0.66666667 | AC77: 0.875 | AD77: =IFERROR(MOD(AC77-Z77,1)-(AB77-AA77),"") -> 0.33333333 | AE77: OFF | AF77: OFF | AG77: OFF | AH77: OFF | AI77: =IFERROR(MOD(AH77-AE77,1)-(AG77-AF77),"") | AJ77: OFF | AK77: OFF | AL77: OFF | AM77: OFF | AN77: =IFERROR(MOD(AM77-AJ77,1)-(AL77-AK77),"") | AO77: =SUM(J77,O77,T77,Y77,AD77,AI77,AN77) -> 1.6875
B78: NGOLMA ANDJIGA GERVAIS PACOME | C78: TAD | D78: HONESTY | E78: FRE | F78: 0 | G78: 0.16666667 | H78: 0.83333333 | I78: 1 | J78: 0.33333333 | K78: OFF | L78: OFF | M78: OFF | N78: OFF | O78: =IFERROR(MOD(N78-K78,1)-MOD(M78-L78,1),"") | P78: 0.54166667 | Q78: 0.70833333 | R78: 0.83333333 | S78: 1 | T78: =IFERROR(MOD(S78-P78,1)-MOD(R78-Q78,1),"") -> 0.33333333 | U78: OFF | V78: OFF | W78: OFF | X78: OFF | Y78: =IFERROR(MOD(X78-U78,1)-MOD(W78-V78,1),"") | Z78: 0.41666667 | AA78: 0.58333333 | AB78: 0.83333333 | AC78: 1 | AD78: =IFERROR(MOD(AC78-Z78,1)-MOD(AB78-AA78,1),"") -> 0.33333333 | AE78: 0.41666667 | AF78: 0.58333333 | AG78: 0.83333333 | AH78: 1 | AI78: =IFERROR(MOD(AH78-AE78,1)-MOD(AG78-AF78,1),"") -> 0.33333333 | AJ78: 0.27083333 | AK78: 0.4375 | AL78: 0.83333333 | AM78: 1 | AN78: =IFERROR(MOD(AM78-AJ78,1)-MOD(AL78-AK78,1),"") -> 0.33333333 | AO78: =SUM(J78,O78,T78,Y78,AD78,AI78,AN78) -> 1.6666667
A79: nkolb | B79: NSADJO NOMI PRISCA | D79: HONESTY | E79: FRE | F79: 0.52083333 | G79: 0.625 | H79: 0.66666667 | I79: 0.89583333 | J79: =IFERROR(MOD(I79-F79,1)-MOD(H79-G79,1),"") -> 0.33333333 | K79: 0.41666667 | L79: 0.58333333 | M79: 0.66666667 | N79: 0.83333333 | O79: =IFERROR(MOD(N79-K79,1)-MOD(M79-L79,1),"") -> 0.33333333 | P79: 0.375 | Q79: 0.625 | R79: 0.70833333 | S79: 0.79166667 | T79: =IFERROR(MOD(S79-P79,1)-MOD(R79-Q79,1),"") -> 0.33333333 | U79: OFF | V79: OFF | W79: OFF | X79: OFF | Y79: =IFERROR(MOD(X79-U79,1)-MOD(W79-V79,1),"") | Z79: OFF | AA79: OFF | AB79: OFF | AC79: OFF | AD79: =IFERROR(MOD(AC79-Z79,1)-MOD(AB79-AA79,1),"") | AE79: 0.29166667 | AF79: 0.54166667 | AG79: 0.625 | AH79: 0.70833333 | AI79: =IFERROR(MOD(AH79-AE79,1)-MOD(AG79-AF79,1),"") -> 0.33333333 | AJ79: 0.3125 | AK79: 0.54166667 | AL79: 0.625 | AM79: 0.72916667 | AN79: =IFERROR(MOD(AM79-AJ79,1)-MOD(AL79-AK79,1),"") -> 0.33333333 | AO79: =SUM(J79,O79,T79,Y79,AD79,AI79,AN79) -> 1.6666667
A80: MIMBO | B80: ELOUNDOU THADDE JEANNEL | D80: HONESTY | E80: FRE | F80: 0.83333333 | I80: 1 | J80: =IFERROR(MOD(I80-F80,1)-MOD(H80-G80,1),"") -> 0.16666667 | K80: 0 | L80: 0.041666667 | M80: 0.125 | N80: 0.29166667 | O80: =IFERROR(MOD(N80-K80,1)-MOD(M80-L80,1),"") -> 0.20833333 | P80: OFF | Q80: OFF | R80: OFF | S80: OFF | T80: =IFERROR(MOD(S80-P80,1)-MOD(R80-Q80,1),"") | U80: 0.27083333 | V80: 0.41666667 | W80: 0.5 | X80: 0.6875 | Y80: =IFERROR(MOD(X80-U80,1)-MOD(W80-V80,1),"") -> 0.33333333 | Z80: 0.27083333 | AA80: 0.41666667 | AB80: 0.5 | AC80: 0.6875 | AD80: =IFERROR(MOD(AC80-Z80,1)-MOD(AB80-AA80,1),"") -> 0.33333333 | AE80: 0.54166667 | AF80: 0.66666667 | AG80: 0.70833333 | AH80: 0.9375 | AI80: =IFERROR(MOD(AH80-AE80,1)-MOD(AG80-AF80,1),"") -> 0.35416667 | AJ80: 0.5625 | AK80: 0.79166667 | AL80: 0.83333333 | AM80: 0.9375 | AN80: =IFERROR(MOD(AM80-AJ80,1)-MOD(AL80-AK80,1),"") -> 0.33333333 | AO80: =SUM(J80,O80,T80,Y80,AD80,AI80,AN80) -> 1.7291667
A81: EMANA | B81: TENZE LEA | D81: HONESTY | E81: FRE | F81: OFF | G81: OFF | H81: OFF | I81: OFF | J81: =IFERROR(MOD(I81-F81,1)-MOD(H81-G81,1),"") | K81: OFF | L81: OFF | M81: OFF | N81: OFF | O81: =IFERROR(MOD(N81-K81,1)-MOD(M81-L81,1),"") | P81: 0.33333333 | Q81: 0.58333333 | R81: 0.66666667 | S81: 0.75 | T81: =IFERROR(MOD(S81-P81,1)-MOD(R81-Q81,1),"") -> 0.33333333 | U81: 0.33333333 | V81: 0.58333333 | W81: 0.66666667 | X81: 0.75 | Y81: =IFERROR(MOD(X81-U81,1)-MOD(W81-V81,1),"") -> 0.33333333 | Z81: 0.41666667 | AA81: 0.66666667 | AB81: 0.75 | AC81: 0.83333333 | AD81: =IFERROR(MOD(AC81-Z81,1)-MOD(AB81-AA81,1),"") -> 0.33333333 | AE81: 0.54166667 | AF81: 0.66666667 | AG81: 0.70833333 | AH81: 0.91666667 | AI81: =IFERROR(MOD(AH81-AE81,1)-MOD(AG81-AF81,1),"") -> 0.33333333 | AJ81: 0.375 | AK81: 0.625 | AL81: 0.70833333 | AM81: 0.79166667 | AN81: =IFERROR(MOD(AM81-AJ81,1)-MOD(AL81-AK81,1),"") -> 0.33333333 | AO81: =SUM(J81,O81,T81,Y81,AD81,AI81,AN81) -> 1.6666667
A82: EMANA | B82: MODO NJOUME BRICE | D82: HONESTY | E82: FRE | F82: 0.27083333 | G82: 0.5 | H82: 0.58333333 | I82: 0.6875 | J82: =IFERROR(MOD(I82-F82,1)-MOD(H82-G82,1),"") -> 0.33333333 | K82: 0.41666667 | L82: 0.66666667 | M82: 0.75 | N82: 0.83333333 | O82: =IFERROR(MOD(N82-K82,1)-MOD(M82-L82,1),"") -> 0.33333333 | P82: 0.41666667 | Q82: 0.625 | R82: 0.70833333 | S82: 0.83333333 | T82: =IFERROR(MOD(S82-P82,1)-MOD(R82-Q82,1),"") -> 0.33333333 | U82: 0.5 | V82: 0.70833333 | W82: 0.75 | X82: 0.875 | Y82: =IFERROR(MOD(X82-U82,1)-MOD(W82-V82,1),"") -> 0.33333333 | Z82: 0.54166667 | AA82: 0.79166667 | AB82: 0.83333333 | AC82: 0.9375 | AD82: =IFERROR(MOD(AC82-Z82,1)-MOD(AB82-AA82,1),"") -> 0.35416667 | AE82: OFF | AF82: OFF | AG82: OFF | AH82: OFF | AI82: =IFERROR(MOD(AH82-AE82,1)-MOD(AG82-AF82,1),"") | AJ82: OFF | AK82: OFF | AL82: OFF | AM82: OFF | AN82: =IFERROR(MOD(AM82-AJ82,1)-MOD(AL82-AK82,1),"") | AO82: =SUM(J82,O82,T82,Y82,AD82,AI82,AN82) -> 1.6875
A83: FOUGE | B83: ATANGANA FLORENCE | D83: HONESTY | E83: FRE | F83: 0 | G83: 0.29166667 | H83: 0.83333333 | I83: 1 | J83: 0.33333333 | K83: 0 | L83: 0.125 | M83: 0.20833333 | N83: 0.29166667 | O83: =IFERROR(MOD(N83-K83,1)-MOD(M83-L83,1),"") -> 0.20833333 | P83: 0.83333333 | S83: 1 | T83: =IFERROR(MOD(S83-P83,1)-MOD(R83-Q83,1),"") -> 0.16666667 | U83: 0 | V83: 0.29166667 | W83: 0.83333333 | X83: 1 | Y83: 0.375 | Z83: 0 | AA83: 0.125 | AB83: 0.20833333 | AC83: 0.29166667 | AD83: =IFERROR(MOD(AC83-Z83,1)-MOD(AB83-AA83,1),"") -> 0.20833333 | AE83: 0.83333333 | AH83: 1 | AI83: =IFERROR(MOD(AH83-AE83,1)-MOD(AG83-AF83,1),"") -> 0.16666667 | AJ83: 0 | AK83: 0.29166667 | AL83: 0.83333333 | AM83: 1 | AN83: 0.375 | AO83: =SUM(J83,O83,T83,Y83,AD83,AI83,AN83) -> 1.8333333
A84: BIYEM | B84: FOKA TRISTAND VALEZ | C84: S | D84: HONESTY | E84: FRE | F84: 1 | G84: 0.083333333 | H84: 0.16666667 | I84: 0.29166667 | J84: =IFERROR(MOD(I84-F84,1)-MOD(H84-G84,1),"") -> 0.20833333 | K84: OFF | L84: OFF | M84: OFF | N84: OFF | O84: =IFERROR(MOD(N84-K84,1)-MOD(M84-L84,1),"") | P84: 0.66666667 | S84: 0.9375 | T84: =IFERROR(MOD(S84-P84,1)-MOD(R84-Q84,1),"") -> 0.27083333 | U84: 0.66666667 | X84: 0.9375 | Y84: =IFERROR(MOD(X84-U84,1)-MOD(W84-V84,1),"") -> 0.27083333 | Z84: 0.83333333 | AC84: 1 | AD84: =IFERROR(MOD(AC84-Z84,1)-MOD(AB84-AA84,1),"") -> 0.16666667 | AE84: 0 | AF84: 0.29166667 | AG84: 0.83333333 | AH84: 1 | AI84: 0.375 | AJ84: 0 | AK84: 0.125 | AL84: 0.20833333 | AM84: 0.29166667 | AN84: =IFERROR(MOD(AM84-AJ84,1)-MOD(AL84-AK84,1),"") -> 0.20833333 | AO84: =SUM(J84,O84,T84,Y84,AD84,AI84,AN84) -> 1.5
A85: MIMBO | B85: NJIOMO TIMO ELTONE PRISCA | C85: 7 | D85: HONESTY | E85: FRE | F85: OFF | G85: OFF | H85: OFF | I85: OFF | J85: =IFERROR(MOD(I85-F85,1)-MOD(H85-G85,1),"") | K85: OFF | L85: OFF | M85: OFF | N85: OFF | O85: =IFERROR(MOD(N85-K85,1)-MOD(M85-L85,1),"") | P85: 0.33333333 | Q85: 0.58333333 | R85: 0.625 | S85: 0.66666667 | T85: =IFERROR(MOD(S85-P85,1)-MOD(R85-Q85,1),"") -> 0.29166667 | U85: 0.33333333 | V85: 0.58333333 | W85: 0.625 | X85: 0.66666667 | Y85: =IFERROR(MOD(X85-U85,1)-MOD(W85-V85,1),"") -> 0.29166667 | Z85: 0.33333333 | AA85: 0.58333333 | AB85: 0.625 | AC85: 0.66666667 | AD85: =IFERROR(MOD(AC85-Z85,1)-MOD(AB85-AA85,1),"") -> 0.29166667 | AE85: 0.33333333 | AF85: 0.58333333 | AG85: 0.625 | AH85: 0.66666667 | AI85: =IFERROR(MOD(AH85-AE85,1)-MOD(AG85-AF85,1),"") -> 0.29166667 | AJ85: 0.33333333 | AK85: 0.58333333 | AL85: 0.625 | AM85: 0.66666667 | AN85: =IFERROR(MOD(AM85-AJ85,1)-MOD(AL85-AK85,1),"") -> 0.29166667 | AO85: =SUM(J85,O85,T85,Y85,AD85,AI85,AN85) -> 1.4583333
A86: nkolb | B86: KEDE ANDOUM IDA | C86: TT | D86: HONESTY | E86: FRE | F86: 0.35416667 | G86: 0.54166667 | H86: 0.58333333 | I86: 0.6875 | J86: =IFERROR(MOD(I86-F86,1)-MOD(H86-G86,1),"") -> 0.29166667 | K86: 0.35416667 | L86: 0.54166667 | M86: 0.58333333 | N86: 0.6875 | O86: =IFERROR(MOD(N86-K86,1)-MOD(M86-L86,1),"") -> 0.29166667 | P86: 0.35416667 | Q86: 0.58333333 | R86: 0.625 | S86: 0.6875 | T86: =IFERROR(MOD(S86-P86,1)-MOD(R86-Q86,1),"") -> 0.29166667 | U86: 0.35416667 | V86: 0.58333333 | W86: 0.625 | X86: 0.6875 | Y86: =IFERROR(MOD(X86-U86,1)-MOD(W86-V86,1),"") -> 0.29166667 | Z86: 0.35416667 | AA86: 0.54166667 | AB86: 0.58333333 | AC86: 0.6875 | AD86: =IFERROR(MOD(AC86-Z86,1)-MOD(AB86-AA86,1),"") -> 0.29166667 | AE86: OFF | AF86: OFF | AG86: OFF | AH86: OFF | AI86: =IFERROR(MOD(AH86-AE86,1)-MOD(AG86-AF86,1),"") | AJ86: OFF | AK86: OFF | AL86: OFF | AM86: OFF | AN86: =IFERROR(MOD(AM86-AJ86,1)-MOD(AL86-AK86,1),"") | AO86: =SUM(J86,O86,T86,Y86,AD86,AI86,AN86) -> 1.4583333
A87: MIMBO | B87: TOYI NEMBOUET BLANDINE | C87: TT | D87: HONESTY | E87: FRE | F87: 0.35416667 | G87: 0.54166667 | H87: 0.58333333 | I87: 0.6875 | J87: =IFERROR(MOD(I87-F87,1)-MOD(H87-G87,1),"") -> 0.29166667 | K87: 0.35416667 | L87: 0.54166667 | M87: 0.58333333 | N87: 0.6875 | O87: =IFERROR(MOD(N87-K87,1)-MOD(M87-L87,1),"") -> 0.29166667 | P87: 0.35416667 | Q87: 0.58333333 | R87: 0.625 | S87: 0.6875 | T87: =IFERROR(MOD(S87-P87,1)-MOD(R87-Q87,1),"") -> 0.29166667 | U87: 0.35416667 | V87: 0.58333333 | W87: 0.625 | X87: 0.6875 | Y87: =IFERROR(MOD(X87-U87,1)-MOD(W87-V87,1),"") -> 0.29166667 | Z87: OFF | AA87: OFF | AB87: OFF | AC87: OFF | AD87: =IFERROR(MOD(AC87-Z87,1)-MOD(AB87-AA87,1),"") | AE87: 0.35416667 | AF87: 0.54166667 | AG87: 0.58333333 | AH87: 0.6875 | AI87: =IFERROR(MOD(AH87-AE87,1)-MOD(AG87-AF87,1),"") -> 0.29166667 | AJ87: OFF | AK87: OFF | AL87: OFF | AM87: OFF | AN87: =IFERROR(MOD(AM87-AJ87,1)-MOD(AL87-AK87,1),"") | AO87: =SUM(J87,O87,T87,Y87,AD87,AI87,AN87) -> 1.4583333
B88: DEUGOUE TANKWA LUCIENNE | D88: HONESTY | E88: ENG | F88: OFF | G88: OFF | H88: OFF | I88: OFF | J88: =IFERROR(MOD(I88-F88,1)-MOD(H88-G88,1),"") | K88: 0.33333333 | L88: 0.54166667 | M88: 0.625 | N88: 0.75 | O88: =IFERROR(MOD(N88-K88,1)-MOD(M88-L88,1),"") -> 0.33333333 | P88: 0.29166667 | Q88: 0.54166667 | R88: 0.625 | S88: 0.70833333 | T88: =IFERROR(MOD(S88-P88,1)-MOD(R88-Q88,1),"") -> 0.33333333 | U88: 0.54166667 | V88: 0.70833333 | W88: 0.75 | X88: 0.91666667 | Y88: =IFERROR(MOD(X88-U88,1)-MOD(W88-V88,1),"") -> 0.33333333 | Z88: 0.5 | AA88: 0.54166667 | AB88: 0.625 | AC88: 0.91666667 | AD88: =IFERROR(MOD(AC88-Z88,1)-MOD(AB88-AA88,1),"") -> 0.33333333 | AE88: 0.54166667 | AF88: 0.625 | AG88: 0.66666667 | AH88: 0.91666667 | AI88: =IFERROR(MOD(AH88-AE88,1)-MOD(AG88-AF88,1),"") -> 0.33333333 | AJ88: OFF | AK88: OFF | AL88: OFF | AM88: OFF | AN88: =IFERROR(MOD(AM88-AJ88,1)-MOD(AL88-AK88,1),"") | AO88: =SUM(J88,O88,T88,Y88,AD88,AI88,AN88) -> 1.6666667
B89: TANKEU NGUEONG GUY | C89: 305 | D89: HONESTY | E89: ENG | F89: 0.29166667 | G89: 0.54166667 | H89: 0.625 | I89: 0.70833333 | J89: =IFERROR(MOD(I89-F89,1)-MOD(H89-G89,1),"") -> 0.33333333 | K89: OFF | L89: OFF | M89: OFF | N89: OFF | O89: =IFERROR(MOD(N89-K89,1)-MOD(M89-L89,1),"") | P89: OFF | Q89: OFF | R89: OFF | S89: OFF | T89: =IFERROR(MOD(S89-P89,1)-MOD(R89-Q89,1),"") | U89: 0.29166667 | V89: 0.54166667 | W89: 0.625 | X89: 0.70833333 | Y89: =IFERROR(MOD(X89-U89,1)-MOD(W89-V89,1),"") -> 0.33333333 | Z89: 0.29166667 | AA89: 0.54166667 | AB89: 0.625 | AC89: 0.70833333 | AD89: =IFERROR(MOD(AC89-Z89,1)-MOD(AB89-AA89,1),"") -> 0.33333333 | AE89: 0.54166667 | AF89: 0.70833333 | AG89: 0.75 | AH89: 0.91666667 | AI89: =IFERROR(MOD(AH89-AE89,1)-MOD(AG89-AF89,1),"") -> 0.33333333 | AJ89: 0.54166667 | AK89: 0.66666667 | AL89: 0.70833333 | AM89: 0.91666667 | AN89: =IFERROR(MOD(AM89-AJ89,1)-MOD(AL89-AK89,1),"") -> 0.33333333 | AO89: =SUM(J89,O89,T89,Y89,AD89,AI89,AN89) -> 1.6666667
A90: EMANA | B90: ABOMO VERA LAURETTE | D90: HONNESTY | E90: FRE | F90: CM | G90: CM | H90: CM | I90: CM | J90: =IFERROR(MOD(I90-F90,1)-MOD(H90-G90,1),"") | K90: CM | L90: CM | M90: CM | N90: CM | O90: =IFERROR(MOD(N90-K90,1)-MOD(M90-L90,1),"") | P90: CM | Q90: CM | R90: CM | S90: CM | T90: =IFERROR(MOD(S90-P90,1)-MOD(R90-Q90,1),"") | U90: CM | V90: CM | W90: CM | X90: CM | Y90: =IFERROR(MOD(X90-U90,1)-MOD(W90-V90,1),"") | Z90: CM | AA90: CM | AB90: CM | AC90: CM | AD90: =IFERROR(MOD(AC90-Z90,1)-MOD(AB90-AA90,1),"") | AE90: CM | AF90: CM | AG90: CM | AH90: CM | AI90: =IFERROR(MOD(AH90-AE90,1)-MOD(AG90-AF90,1),"") | AJ90: CM | AK90: CM | AL90: CM | AM90: CM | AN90: =IFERROR(MOD(AM90-AJ90,1)-MOD(AL90-AK90,1),"") | AO90: =SUM(J90,O90,T90,Y90,AD90,AI90,AN90) -> 0
A91: NSIME | B91: PANI AVENA DEROL KEWIN | C91: TAD | D91: INNOVATION | E91: FRE | F91: 0.41666667 | G91: 0.58333333 | H91: 0.83333333 | I91: 1 | J91: =IFERROR(MOD(I91-F91,1)-MOD(H91-G91,1),"") -> 0.33333333 | K91: 0.5 | L91: 0.66666667 | M91: 0.83333333 | N91: 1 | O91: =IFERROR(MOD(N91-K91,1)-MOD(M91-L91,1),"") -> 0.33333333 | P91: 0.54166667 | Q91: 0.70833333 | R91: 0.83333333 | S91: 1 | T91: =IFERROR(MOD(S91-P91,1)-MOD(R91-Q91,1),"") -> 0.33333333 | U91: OFF | V91: OFF | W91: OFF | X91: OFF | Y91: =IFERROR(MOD(X91-U91,1)-MOD(W91-V91,1),"") | Z91: OFF | AA91: OFF | AB91: OFF | AC91: OFF | AD91: =IFERROR(MOD(AC91-Z91,1)-MOD(AB91-AA91,1),"") | AE91: 0.27083333 | AF91: 0.39583333 | AG91: 0.79166667 | AH91: 1 | AI91: =IFERROR(MOD(AH91-AE91,1)-MOD(AG91-AF91,1),"") -> 0.33333333 | AJ91: 0.27083333 | AK91: 0.41666667 | AL91: 0.8125 | AM91: 1 | AN91: =IFERROR(MOD(AM91-AJ91,1)-MOD(AL91-AK91,1),"") -> 0.33333333 | AO91: =SUM(J91,O91,T91,Y91,AD91,AI91,AN91) -> 1.6666667
A92: NKOLM | B92: ENGOULOU SOSTHENE NATHANAEL | C92: TAD | D92: INNOVATION | E92: FRE | F92: OFF | G92: OFF | H92: OFF | I92: OFF | J92: =IFERROR(MOD(I92-F92,1)-MOD(H92-G92,1),"") | K92: OFF | L92: OFF | M92: OFF | N92: OFF | O92: =IFERROR(MOD(N92-K92,1)-MOD(M92-L92,1),"") | P92: 0 | Q92: 0.16666667 | R92: 0.83333333 | S92: 1 | T92: 0.33333333 | U92: 0.5 | V92: 0.66666667 | W92: 0.79166667 | X92: 1 | Y92: =IFERROR(MOD(X92-U92,1)-MOD(W92-V92,1),"") -> 0.375 | Z92: 0.41666667 | AA92: 0.66666667 | AB92: 0.75 | AC92: 1 | AD92: =IFERROR(MOD(AC92-Z92,1)-MOD(AB92-AA92,1),"") -> 0.5 | AE92: 0.41666667 | AF92: 0.58333333 | AG92: 0.83333333 | AH92: 1 | AI92: =IFERROR(MOD(AH92-AE92,1)-MOD(AG92-AF92,1),"") -> 0.33333333 | AJ92: 0.27083333 | AK92: 0.4375 | AL92: 0.83333333 | AM92: 1 | AN92: =IFERROR(MOD(AM92-AJ92,1)-MOD(AL92-AK92,1),"") -> 0.33333333 | AO92: =SUM(J92,O92,T92,Y92,AD92,AI92,AN92) -> 1.875
A93: NKOMO | B93: ESSOMBA ESSIMINA FRANK STEPHANE | D93: INNOVATION | E93: FRE | F93: 0.25 | G93: 0.41666667 | H93: 0.5 | I93: 0.66666667 | J93: =IFERROR(MOD(I93-F93,1)-MOD(H93-G93,1),"") -> 0.33333333 | K93: 0.29166667 | L93: 0.54166667 | M93: 0.625 | N93: 0.70833333 | O93: =IFERROR(MOD(N93-K93,1)-MOD(M93-L93,1),"") -> 0.33333333 | P93: 0.25 | Q93: 0.41666667 | R93: 0.5 | S93: 0.625 | T93: =IFERROR(MOD(S93-P93,1)-MOD(R93-Q93,1),"") -> 0.29166667 | U93: 0.54166667 | V93: 0.70833333 | W93: 0.75 | X93: 0.9375 | Y93: =IFERROR(MOD(X93-U93,1)-MOD(W93-V93,1),"") -> 0.35416667 | Z93: 0.54166667 | AA93: 0.79166667 | AB93: 0.83333333 | AC93: 0.9375 | AD93: =IFERROR(MOD(AC93-Z93,1)-MOD(AB93-AA93,1),"") -> 0.35416667 | AE93: OFF | AF93: OFF | AG93: OFF | AH93: OFF | AI93: =IFERROR(MOD(AH93-AE93,1)-MOD(AG93-AF93,1),"") | AJ93: OFF | AK93: OFF | AL93: OFF | AM93: OFF | AN93: =IFERROR(MOD(AM93-AJ93,1)-MOD(AL93-AK93,1),"") | AO93: =SUM(J93,O93,T93,Y93,AD93,AI93,AN93) -> 1.6666667
A94: AWAE | B94: NGOKO NGAKO CHRISTELLE | D94: INNOVATION | E94: FRE | F94: 0.41666667 | G94: 0.58333333 | H94: 0.66666667 | I94: 0.83333333 | J94: =IFERROR(MOD(I94-F94,1)-MOD(H94-G94,1),"") -> 0.33333333 | K94: 0.54166667 | L94: 0.77083333 | M94: 0.8125 | N94: 0.9375 | O94: =IFERROR(MOD(N94-K94,1)-MOD(M94-L94,1),"") -> 0.35416667 | P94: OFF | Q94: OFF | R94: OFF | S94: OFF | T94: =IFERROR(MOD(S94-P94,1)-MOD(R94-Q94,1),"") | U94: OFF | V94: OFF | W94: OFF | X94: OFF | Y94: =IFERROR(MOD(X94-U94,1)-MOD(W94-V94,1),"") | Z94: 0.4375 | AA94: 0.66666667 | AB94: 0.75 | AC94: 0.85416667 | AD94: =IFERROR(MOD(AC94-Z94,1)-MOD(AB94-AA94,1),"") -> 0.33333333 | AE94: 0.5 | AF94: 0.625 | AG94: 0.66666667 | AH94: 0.875 | AI94: =IFERROR(MOD(AH94-AE94,1)-MOD(AG94-AF94,1),"") -> 0.33333333 | AJ94: 0.33333333 | AK94: 0.58333333 | AL94: 0.66666667 | AM94: 0.75 | AN94: =IFERROR(MOD(AM94-AJ94,1)-MOD(AL94-AK94,1),"") -> 0.33333333 | AO94: =SUM(J94,O94,T94,Y94,AD94,AI94,AN94) -> 1.6875
A95: NSIME | B95: EKOBENA MENANG ROLAND BRICE | D95: INNOVATION | E95: FRE | F95: 0.54166667 | G95: 0.70833333 | H95: 0.75 | I95: 0.91666667 | J95: =IFERROR(MOD(I95-F95,1)-MOD(H95-G95,1),"") -> 0.33333333 | K95: 0.83333333 | N95: 1 | O95: =IFERROR(MOD(N95-K95,1)-MOD(M95-L95,1),"") -> 0.16666667 | P95: 0 | Q95: 0.083333333 | R95: 0.16666667 | S95: 0.29166667 | T95: =IFERROR(MOD(S95-P95,1)-MOD(R95-Q95,1),"") -> 0.20833333 | U95: OFF | V95: OFF | W95: OFF | X95: OFF | Y95: =IFERROR(MOD(X95-U95,1)-MOD(W95-V95,1),"") | Z95: 0.27083333 | AA95: 0.41666667 | AB95: 0.5 | AC95: 0.6875 | AD95: =IFERROR(MOD(AC95-Z95,1)-MOD(AB95-AA95,1),"") -> 0.33333333 | AE95: 0.54166667 | AF95: 0.66666667 | AG95: 0.70833333 | AH95: 0.91666667 | AI95: =IFERROR(MOD(AH95-AE95,1)-MOD(AG95-AF95,1),"") -> 0.33333333 | AJ95: 0.54166667 | AK95: 0.70833333 | AL95: 0.75 | AM95: 0.9375 | AN95: =IFERROR(MOD(AM95-AJ95,1)-MOD(AL95-AK95,1),"") -> 0.35416667 | AO95: =SUM(J95,O95,T95,Y95,AD95,AI95,AN95) -> 1.7291667
A96: MVOGMB | B96: MAKOU MANUELA | D96: INNOVATION | E96: FRE | F96: 0.54166667 | G96: 0.70833333 | H96: 0.75 | I96: 0.91666667 | J96: =IFERROR(MOD(I96-F96,1)-MOD(H96-G96,1),"") -> 0.33333333 | K96: 0.54166667 | L96: 0.77083333 | M96: 0.8125 | N96: 0.9375 | O96: =IFERROR(MOD(N96-K96,1)-MOD(M96-L96,1),"") -> 0.35416667 | P96: OFF | Q96: OFF | R96: OFF | S96: OFF | T96: =IFERROR(MOD(S96-P96,1)-MOD(R96-Q96,1),"") | U96: OFF | V96: OFF | W96: OFF | X96: OFF | Y96: =IFERROR(MOD(X96-U96,1)-MOD(W96-V96,1),"") | Z96: 0.29166667 | AA96: 0.54166667 | AB96: 0.625 | AC96: 0.70833333 | AD96: =IFERROR(MOD(AC96-Z96,1)-MOD(AB96-AA96,1),"") -> 0.33333333 | AE96: 0.33333333 | AF96: 0.58333333 | AG96: 0.66666667 | AH96: 0.75 | AI96: =IFERROR(MOD(AH96-AE96,1)-MOD(AG96-AF96,1),"") -> 0.33333333 | AJ96: 0.29166667 | AK96: 0.54166667 | AL96: 0.625 | AM96: 0.70833333 | AN96: =IFERROR(MOD(AM96-AJ96,1)-MOD(AL96-AK96,1),"") -> 0.33333333 | AO96: =SUM(J96,O96,T96,Y96,AD96,AI96,AN96) -> 1.6875
A97: TSINGV | B97: TSANE PRISCILLE JULIE | C97: TT | D97: INNOVATION | E97: FRE | F97: 0.35416667 | G97: 0.54166667 | H97: 0.58333333 | I97: 0.6875 | J97: =IFERROR(MOD(I97-F97,1)-MOD(H97-G97,1),"") -> 0.29166667 | K97: 0.35416667 | L97: 0.54166667 | M97: 0.58333333 | N97: 0.6875 | O97: =IFERROR(MOD(N97-K97,1)-MOD(M97-L97,1),"") -> 0.29166667 | P97: 0.35416667 | Q97: 0.58333333 | R97: 0.625 | S97: 0.6875 | T97: =IFERROR(MOD(S97-P97,1)-MOD(R97-Q97,1),"") -> 0.29166667 | U97: 0.35416667 | V97: 0.58333333 | W97: 0.625 | X97: 0.6875 | Y97: =IFERROR(MOD(X97-U97,1)-MOD(W97-V97,1),"") -> 0.29166667 | Z97: OFF | AA97: OFF | AB97: OFF | AC97: OFF | AD97: =IFERROR(MOD(AC97-Z97,1)-MOD(AB97-AA97,1),"") | AE97: 0.33333333 | AF97: 0.54166667 | AG97: 0.58333333 | AH97: 0.66666667 | AI97: =IFERROR(MOD(AH97-AE97,1)-MOD(AG97-AF97,1),"") -> 0.29166667 | AJ97: OFF | AK97: OFF | AL97: OFF | AM97: OFF | AN97: =IFERROR(MOD(AM97-AJ97,1)-MOD(AL97-AK97,1),"") | AO97: =SUM(J97,O97,T97,Y97,AD97,AI97,AN97) -> 1.4583333
A98: SOA | B98: IMBOUSSI MAYANG ALEX LUIGY | D98: INNOVATION | E98: FRE | F98: 0.66666667 | I98: 0.9375 | J98: =IFERROR(MOD(I98-F98,1)-MOD(H98-G98,1),"") -> 0.27083333 | K98: 0.66666667 | N98: 0.9375 | O98: =IFERROR(MOD(N98-K98,1)-MOD(M98-L98,1),"") -> 0.27083333 | P98: 0.66666667 | S98: 0.9375 | T98: =IFERROR(MOD(S98-P98,1)-MOD(R98-Q98,1),"") -> 0.27083333 | U98: 0.83333333 | X98: 1 | Y98: =IFERROR(MOD(X98-U98,1)-MOD(W98-V98,1),"") -> 0.16666667 | Z98: 0 | AA98: 0.29166667 | AB98: 0.83333333 | AC98: 1 | AD98: 0.375 | AE98: 0 | AF98: 0.041666667 | AG98: 0.125 | AH98: 0.29166667 | AI98: =IFERROR(MOD(AH98-AE98,1)-MOD(AG98-AF98,1),"") -> 0.20833333 | AJ98: OFF | AK98: OFF | AL98: OFF | AM98: OFF | AN98: =IFERROR(MOD(AM98-AJ98,1)-MOD(AL98-AK98,1),"") | AO98: =SUM(J98,O98,T98,Y98,AD98,AI98,AN98) -> 1.5625
A99: NSIME | B99: MEVANG MEDOU MARTINE GRACE | C99: 6 | D99: INNOVATION | E99: FRE | F99: 0.3125 | I99: 0.5625 | J99: =IFERROR(MOD(I99-F99,1)-MOD(H99-G99,1),"") -> 0.25 | K99: 0.3125 | N99: 0.5625 | O99: =IFERROR(MOD(N99-K99,1)-MOD(M99-L99,1),"") -> 0.25 | P99: 0.625 | S99: 0.875 | T99: =IFERROR(MOD(S99-P99,1)-MOD(R99-Q99,1),"") -> 0.25 | U99: 0.66666667 | X99: 0.9375 | Y99: =IFERROR(MOD(X99-U99,1)-MOD(W99-V99,1),"") -> 0.27083333 | Z99: 0.66666667 | AC99: 0.9375 | AD99: =IFERROR(MOD(AC99-Z99,1)-MOD(AB99-AA99,1),"") -> 0.27083333 | AE99: OFF | AF99: OFF | AG99: OFF | AH99: OFF | AI99: =IFERROR(MOD(AH99-AE99,1)-MOD(AG99-AF99,1),"") | AJ99: OFF | AK99: OFF | AL99: OFF | AM99: OFF | AN99: =IFERROR(MOD(AM99-AJ99,1)-MOD(AL99-AK99,1),"") | AO99: =SUM(J99,O99,T99,Y99,AD99,AI99,AN99) -> 1.2916667
A100: NKOLM | B100: ZEUDEU MANEDONG Vanessa | C100: TT | D100: INNOVATION | E100: FRE | F100: 0.35416667 | G100: 0.54166667 | H100: 0.58333333 | I100: 0.6875 | J100: =IFERROR(MOD(I100-F100,1)-MOD(H100-G100,1),"") -> 0.29166667 | K100: 0.35416667 | L100: 0.54166667 | M100: 0.58333333 | N100: 0.6875 | O100: =IFERROR(MOD(N100-K100,1)-MOD(M100-L100,1),"") -> 0.29166667 | P100: 0.35416667 | Q100: 0.58333333 | R100: 0.625 | S100: 0.6875 | T100: =IFERROR(MOD(S100-P100,1)-MOD(R100-Q100,1),"") -> 0.29166667 | U100: 0.35416667 | V100: 0.58333333 | W100: 0.625 | X100: 0.6875 | Y100: =IFERROR(MOD(X100-U100,1)-MOD(W100-V100,1),"") -> 0.29166667 | Z100: OFF | AA100: OFF | AB100: OFF | AC100: OFF | AD100: =IFERROR(MOD(AC100-Z100,1)-MOD(AB100-AA100,1),"") | AE100: 0.33333333 | AF100: 0.54166667 | AG100: 0.58333333 | AH100: 0.66666667 | AI100: =IFERROR(MOD(AH100-AE100,1)-MOD(AG100-AF100,1),"") -> 0.29166667 | AJ100: OFF | AK100: OFF | AL100: OFF | AM100: OFF | AN100: =IFERROR(MOD(AM100-AJ100,1)-MOD(AL100-AK100,1),"") | AO100: =SUM(J100,O100,T100,Y100,AD100,AI100,AN100) -> 1.4583333
...

Sheet DA
B1: ="S"&_xlfn.ISOWEEKNUM(F1) -> S20 | F1: ='S&E'!H3 -> 46153 | K1: =F1+1 -> 46154 | P1: =K1+1 -> 46155 | U1: =P1+1 -> 46156 | Z1: =U1+1 -> 46157 | AE1: =Z1+1 -> 46158 | AJ1: =AE1+1 -> 46159 | AO1: 1.6666667 | AP1: =AO2/AO1 -> 29.275 | BT1: :
F2: Total jour | G2: =J2/"8:00:00" -> 21 | H2: =J2/$AO$2 -> 0.14346712 | I2: Heures | J2: =SUM(J4:J97) -> 7 | K2: Total jour | L2: =O2/"8:00:00" -> 21.5 | M2: =O2/$AO$2 -> 0.14688301 | N2: Heures | O2: =SUM(O4:O97) -> 7.1666667 | P2: Total jour | Q2: =T2/"8:00:00" -> 22.875 | R2: =T2/$AO$2 -> 0.15627669 | S2: Heures | T2: =SUM(T4:T97) -> 7.625 | U2: Total jour | V2: =Y2/"8:00:00" -> 20.875 | W2: =Y2/$AO$2 -> 0.14261315 | X2: Heures | Y2: =SUM(Y4:Y97) -> 6.9583333 | Z2: Total jour | AA2: =AD2/"8:00:00" -> 19.25 | AB2: =AD2/$AO$2 -> 0.13151153 | AC2: Heures | AD2: =SUM(AD4:AD97) -> 6.4166667 | AE2: Total jour | AF2: =AI2/"8:00:00" -> 20.5 | AG2: =AI2/$AO$2 -> 0.14005124 | AH2: Heures | AI2: =SUM(AI4:AI97) -> 6.8333333 | AJ2: Total jour | AK2: =AN2/"8:00:00" -> 20.375 | AL2: =AN2/$AO$2 -> 0.13919727 | AM2: Heures | AN2: =SUM(AN4:AN97) -> 6.7916667 | AO2: =SUM(AO4:AO96) -> 48.791667 | AP2: formation/réunion équipe | AQ2: HSUP | AT2: 0.33333333 | AW2: 1.6666667
B3: Agents | C3: comm1 | D3: Team | E3: COMP | F3: Début | G3: Pause | I3: Fin | J3: Total | K3: Début | L3: Pause | N3: Fin | O3: Total | P3: Début | Q3: Pause | S3: Fin | T3: Total | U3: Début | V3: Pause | X3: Fin | Y3: Total | Z3: Début | AA3: Pause | AC3: Fin | AD3: Total | AE3: Début | AF3: Pause | AH3: Fin | AI3: Total | AJ3: Début | AK3: Pause | AM3: Fin | AN3: Total | AO3: Total | AP3: formation/réunion équipe | AR3: Atelier/ réunion d'Equipe
B4: ABDOURAMAN ALI NGAMBO | D4: Digit- Engagement | E4: DA | F4: OFF | G4: OFF | H4: OFF | I4: OFF | J4: =IFERROR(MOD(I4-F4,1)-(H4-G4),"") | K4: 0.29166667 | L4: 0.54166667 | M4: 0.625 | N4: 0.70833333 | O4: =IFERROR(MOD(N4-K4,1)-(M4-L4),"") -> 0.33333333 | P4: 0.29166667 | Q4: 0.54166667 | R4: 0.58333333 | S4: 0.66666667 | T4: =IFERROR(MOD(S4-P4,1)-(R4-Q4),"") -> 0.33333333 | U4: 0.45833333 | V4: 0.66666667 | W4: 0.70833333 | X4: 0.83333333 | Y4: =IFERROR(MOD(X4-U4,1)-(W4-V4),"") -> 0.33333333 | Z4: 0.54166667 | AA4: 0.66666667 | AB4: 0.70833333 | AC4: 0.91666667 | AD4: =IFERROR(MOD(AC4-Z4,1)-(AB4-AA4),"") -> 0.33333333 | AE4: 0.54166667 | AF4: 0.66666667 | AG4: 0.70833333 | AH4: 0.91666667 | AI4: =IFERROR(MOD(AH4-AE4,1)-(AG4-AF4),"") -> 0.33333333 | AJ4: OFF | AK4: OFF | AL4: OFF | AM4: OFF | AN4: =IFERROR(MOD(AM4-AJ4,1)-(AL4-AK4),"") | AO4: =SUM(J4,O4,T4,Y4,AD4,AI4,AN4) -> 1.6666667
B5: MANIDAH TAPIEDA LORRAINE MERVEILLE | C5: 6 | D5: Digit- Engagement | E5: DA | F5: OFF | G5: OFF | H5: OFF | I5: OFF | J5: =IFERROR(MOD(I5-F5,1)-(H5-G5),"") | K5: OFF | L5: OFF | M5: OFF | N5: OFF | O5: =IFERROR(MOD(N5-K5,1)-(M5-L5),"") | P5: 0.29166667 | Q5: 0.5 | R5: 0.54166667 | S5: 0.66666667 | T5: =IFERROR(MOD(S5-P5,1)-(R5-Q5),"") -> 0.33333333 | U5: 0.29166667 | V5: 0.54166667 | W5: 0.58333333 | X5: 0.66666667 | Y5: =IFERROR(MOD(X5-U5,1)-(W5-V5),"") -> 0.33333333 | Z5: 0.45833333 | AA5: 0.66666667 | AB5: 0.70833333 | AC5: 0.83333333 | AD5: =IFERROR(MOD(AC5-Z5,1)-(AB5-AA5),"") -> 0.33333333 | AE5: 0.54166667 | AF5: 0.66666667 | AG5: 0.70833333 | AH5: 0.91666667 | AI5: =IFERROR(MOD(AH5-AE5,1)-(AG5-AF5),"") -> 0.33333333 | AJ5: 0.875 | AM5: 1 | AN5: =IFERROR(MOD(AM5-AJ5,1)-(AL5-AK5),"") -> 0.125 | AO5: =SUM(J5,O5,T5,Y5,AD5,AI5,AN5) -> 1.4583333 | AQ5: =IF(AO5>$AO$1, "Alerte Dépassement!!!","")
B6: ABOMO Madeleine | D6: Digit- Engagement | E6: DA | F6: 0.29166667 | G6: 0.5 | H6: 0.54166667 | I6: 0.66666667 | J6: =IFERROR(MOD(I6-F6,1)-(H6-G6),"") -> 0.33333333 | K6: 0.29166667 | L6: 0.5 | M6: 0.54166667 | N6: 0.66666667 | O6: =IFERROR(MOD(N6-K6,1)-(M6-L6),"") -> 0.33333333 | P6: 0.35416667 | Q6: 0.54166667 | R6: 0.58333333 | S6: 0.72916667 | T6: =IFERROR(MOD(S6-P6,1)-(R6-Q6),"") -> 0.33333333 | U6: 0.54166667 | V6: 0.66666667 | W6: 0.70833333 | X6: 0.91666667 | Y6: =IFERROR(MOD(X6-U6,1)-(W6-V6),"") -> 0.33333333 | Z6: 0.45833333 | AA6: 0.625 | AB6: 0.66666667 | AC6: 0.83333333 | AD6: =IFERROR(MOD(AC6-Z6,1)-(AB6-AA6),"") -> 0.33333333 | AE6: OFF | AF6: OFF | AG6: OFF | AH6: OFF | AI6: =IFERROR(MOD(AH6-AE6,1)-(AG6-AF6),"") | AJ6: OFF | AK6: OFF | AL6: OFF | AM6: OFF | AN6: =IFERROR(MOD(AM6-AJ6,1)-(AL6-AK6),"") | AO6: =SUM(J6,O6,T6,Y6,AD6,AI6,AN6) -> 1.6666667 | AQ6: =IF(AO6>$AO$1, "Alerte Dépassement!!!","")
B7: ZE DANY ROLAND | D7: Digit- Engagement | E7: DA | F7: 0 | G7: 0.083333333 | H7: 0.16666667 | I7: 0.29166667 | J7: =IFERROR(MOD(I7-F7,1)-(H7-G7),"") -> 0.20833333 | K7: 0.29166667 | L7: 0.5 | M7: 0.54166667 | N7: 0.66666667 | O7: =IFERROR(MOD(N7-K7,1)-(M7-L7),"") -> 0.33333333 | P7: 0.35416667 | Q7: 0.54166667 | R7: 0.58333333 | S7: 0.72916667 | T7: =IFERROR(MOD(S7-P7,1)-(R7-Q7),"") -> 0.33333333 | U7: 0.45833333 | V7: 0.70833333 | W7: 0.75 | X7: 0.83333333 | Y7: =IFERROR(MOD(X7-U7,1)-(W7-V7),"") -> 0.33333333 | Z7: 0.54166667 | AA7: 0.70833333 | AB7: 0.75 | AC7: 0.91666667 | AD7: =IFERROR(MOD(AC7-Z7,1)-(AB7-AA7),"") -> 0.33333333 | AE7: 0.875 | AH7: 1 | AI7: =IFERROR(MOD(AH7-AE7,1)-(AG7-AF7),"") -> 0.125 | AJ7: 0 | AK7: 0.083333333 | AL7: 0.16666667 | AM7: 0.29166667 | AN7: =IFERROR(MOD(AM7-AJ7,1)-(AL7-AK7),"") -> 0.20833333 | AO7: =SUM(J7,O7,T7,Y7,AD7,AI7,AN7) -> 1.875 | AQ7: =IF(AO7>$AO$1, "Alerte Dépassement!!!","") -> Alerte Dépassement!!!
B8: NYEHEG JOSE JAQUES | D8: Digit- Engagement | E8: DA | F8: 0.29166667 | G8: 0.5 | H8: 0.54166667 | I8: 0.66666667 | J8: =IFERROR(MOD(I8-F8,1)-(H8-G8),"") -> 0.33333333 | K8: 0.54166667 | L8: 0.66666667 | M8: 0.70833333 | N8: 0.91666667 | O8: =IFERROR(MOD(N8-K8,1)-(M8-L8),"") -> 0.33333333 | P8: 0.54166667 | Q8: 0.66666667 | R8: 0.70833333 | S8: 0.91666667 | T8: =IFERROR(MOD(S8-P8,1)-(R8-Q8),"") -> 0.33333333 | U8: 0.875 | X8: 1 | Y8: =IFERROR(MOD(X8-U8,1)-(W8-V8),"") -> 0.125 | Z8: 0 | AA8: 0.29166667 | AB8: 0.875 | AC8: 1 | AD8: 0.33333333 | AE8: 0 | AF8: 0.125 | AG8: 0.20833333 | AH8: 0.29166667 | AI8: =IFERROR(MOD(AH8-AE8,1)-(AG8-AF8),"") -> 0.20833333 | AJ8: OFF | AK8: OFF | AL8: OFF | AM8: OFF | AN8: =IFERROR(MOD(AM8-AJ8,1)-(AL8-AK8),"") | AO8: =SUM(J8,O8,T8,Y8,AD8,AI8,AN8) -> 1.6666667 | AQ8: =IF(AO8>$AO$1, "Alerte Dépassement!!!","")
B9: KAMNO TUENO FABIOLA BLANDINE | D9: Digit- Engagement | E9: DA | F9: 0.29166667 | G9: 0.54166667 | H9: 0.58333333 | I9: 0.66666667 | J9: =IFERROR(MOD(I9-F9,1)-(H9-G9),"") -> 0.33333333 | K9: 0.41666667 | L9: 0.58333333 | M9: 0.625 | N9: 0.79166667 | O9: =IFERROR(MOD(N9-K9,1)-(M9-L9),"") -> 0.33333333 | P9: 0.54166667 | Q9: 0.66666667 | R9: 0.70833333 | S9: 0.91666667 | T9: =IFERROR(MOD(S9-P9,1)-(R9-Q9),"") -> 0.33333333 | U9: 0.54166667 | V9: 0.66666667 | W9: 0.70833333 | X9: 0.91666667 | Y9: =IFERROR(MOD(X9-U9,1)-(W9-V9),"") -> 0.33333333 | Z9: OFF | AA9: OFF | AB9: OFF | AC9: OFF | AD9: =IFERROR(MOD(AC9-Z9,1)-(AB9-AA9),"") | AE9: OFF | AF9: OFF | AG9: OFF | AH9: OFF | AI9: =IFERROR(MOD(AH9-AE9,1)-(AG9-AF9),"") | AJ9: 0.29166667 | AK9: 0.54166667 | AL9: 0.58333333 | AM9: 0.66666667 | AN9: =IFERROR(MOD(AM9-AJ9,1)-(AL9-AK9),"") -> 0.33333333 | AO9: =SUM(J9,O9,T9,Y9,AD9,AI9,AN9) -> 1.6666667 | AQ9: =IF(AO9>$AO$1, "Alerte Dépassement!!!","")
B10: TOUPOUO CHAHAD | D10: Digit- Engagement | E10: DA | F10: 0 | G10: 0.083333333 | H10: 0.16666667 | I10: 0.29166667 | J10: =IFERROR(MOD(I10-F10,1)-(H10-G10),"") -> 0.20833333 | K10: 0.29166667 | L10: 0.54166667 | M10: 0.58333333 | N10: 0.66666667 | O10: =IFERROR(MOD(N10-K10,1)-(M10-L10),"") -> 0.33333333 | P10: 0.45833333 | Q10: 0.66666667 | R10: 0.70833333 | S10: 0.83333333 | T10: =IFERROR(MOD(S10-P10,1)-(R10-Q10),"") -> 0.33333333 | U10: 0.875 | X10: 1 | Y10: =IFERROR(MOD(X10-U10,1)-(W10-V10),"") -> 0.125 | Z10: 0 | AA10: 0.29166667 | AB10: 0.875 | AC10: 1 | AD10: 0.33333333 | AE10: 0 | AF10: 0.083333333 | AG10: 0.16666667 | AH10: 0.29166667 | AI10: =IFERROR(MOD(AH10-AE10,1)-(AG10-AF10),"") -> 0.20833333 | AJ10: OFF | AK10: OFF | AL10: OFF | AM10: OFF | AN10: =IFERROR(MOD(AM10-AJ10,1)-(AL10-AK10),"") | AO10: =SUM(J10,O10,T10,Y10,AD10,AI10,AN10) -> 1.5416667 | AQ10: =IF(AO10>$AO$1, "Alerte Dépassement!!!","")
B11: NGUEMESSI Manuella | D11: Digit- Engagement | E11: DA | F11: OFF | G11: OFF | H11: OFF | I11: OFF | J11: =IFERROR(MOD(I11-F11,1)-(H11-G11),"") | K11: OFF | L11: OFF | M11: OFF | N11: OFF | O11: =IFERROR(MOD(N11-K11,1)-(M11-L11),"") | P11: 0.29166667 | Q11: 0.54166667 | R11: 0.58333333 | S11: 0.66666667 | T11: =IFERROR(MOD(S11-P11,1)-(R11-Q11),"") -> 0.33333333 | U11: 0.29166667 | V11: 0.54166667 | W11: 0.58333333 | X11: 0.66666667 | Y11: =IFERROR(MOD(X11-U11,1)-(W11-V11),"") -> 0.33333333 | Z11: 0.29166667 | AA11: 0.54166667 | AB11: 0.58333333 | AC11: 0.66666667 | AD11: =IFERROR(MOD(AC11-Z11,1)-(AB11-AA11),"") -> 0.33333333 | AE11: 0.54166667 | AF11: 0.66666667 | AG11: 0.70833333 | AH11: 0.91666667 | AI11: =IFERROR(MOD(AH11-AE11,1)-(AG11-AF11),"") -> 0.33333333 | AJ11: 0.45833333 | AK11: 0.66666667 | AL11: 0.70833333 | AM11: 0.83333333 | AN11: =IFERROR(MOD(AM11-AJ11,1)-(AL11-AK11),"") -> 0.33333333 | AO11: =SUM(J11,O11,T11,Y11,AD11,AI11,AN11) -> 1.6666667 | AQ11: =IF(AO11>$AO$1, "Alerte Dépassement!!!","")
B12: KOMBOU Jose | D12: Digit- Engagement | E12: DA | F12: 0.875 | I12: 1 | J12: =IFERROR(MOD(I12-F12,1)-(H12-G12),"") -> 0.125 | K12: 0 | L12: 0.29166667 | M12: 0.875 | N12: 1 | O12: 0.33333333 | P12: 0 | Q12: 0.29166667 | R12: 0.875 | S12: 1 | T12: 0.33333333 | U12: 0 | V12: 0.16666667 | W12: 0.25 | X12: 0.29166667 | Y12: =IFERROR(MOD(X12-U12,1)-(W12-V12),"") -> 0.20833333 | Z12: OFF | AA12: OFF | AB12: OFF | AC12: OFF | AD12: =IFERROR(MOD(AC12-Z12,1)-(AB12-AA12),"") | AE12: 0.29166667 | AF12: 0.54166667 | AG12: 0.625 | AH12: 0.70833333 | AI12: =IFERROR(MOD(AH12-AE12,1)-(AG12-AF12),"") -> 0.33333333 | AJ12: 0.29166667 | AK12: 0.54166667 | AL12: 0.625 | AM12: 0.70833333 | AN12: =IFERROR(MOD(AM12-AJ12,1)-(AL12-AK12),"") -> 0.33333333 | AO12: =SUM(J12,O12,T12,Y12,AD12,AI12,AN12) -> 1.6666667 | AQ12: =IF(AO12>$AO$1, "Alerte Dépassement!!!","")
B13: MAMA EBODE BERNADETTE | D13: Digit- Engagement | E13: DA | F13: 0.41666667 | G13: 0.58333333 | H13: 0.625 | I13: 0.79166667 | J13: =IFERROR(MOD(I13-F13,1)-(H13-G13),"") -> 0.33333333 | K13: 0.54166667 | L13: 0.66666667 | M13: 0.70833333 | N13: 0.91666667 | O13: =IFERROR(MOD(N13-K13,1)-(M13-L13),"") -> 0.33333333 | P13: 0.54166667 | Q13: 0.66666667 | R13: 0.70833333 | S13: 0.91666667 | T13: =IFERROR(MOD(S13-P13,1)-(R13-Q13),"") -> 0.33333333 | U13: OFF | V13: OFF | W13: OFF | X13: OFF | Y13: =IFERROR(MOD(X13-U13,1)-(W13-V13),"") | Z13: OFF | AA13: OFF | AB13: OFF | AC13: OFF | AD13: =IFERROR(MOD(AC13-Z13,1)-(AB13-AA13),"") | AE13: 0.29166667 | AF13: 0.54166667 | AG13: 0.58333333 | AH13: 0.66666667 | AI13: =IFERROR(MOD(AH13-AE13,1)-(AG13-AF13),"") -> 0.33333333 | AJ13: 0.29166667 | AK13: 0.54166667 | AL13: 0.58333333 | AM13: 0.66666667 | AN13: =IFERROR(MOD(AM13-AJ13,1)-(AL13-AK13),"") -> 0.33333333 | AO13: =SUM(J13,O13,T13,Y13,AD13,AI13,AN13) -> 1.6666667 | AQ13: =IF(AO13>$AO$1, "Alerte Dépassement!!!","")
B14: MEBOUET KUATE ANNE PATRICIA | D14: Digit- Engagement | E14: DA | F14: 0.45833333 | G14: 0.625 | H14: 0.66666667 | I14: 0.83333333 | J14: =IFERROR(MOD(I14-F14,1)-(H14-G14),"") -> 0.33333333 | K14: 0.5 | L14: 0.625 | M14: 0.66666667 | N14: 0.875 | O14: =IFERROR(MOD(N14-K14,1)-(M14-L14),"") -> 0.33333333 | P14: 0.5 | Q14: 0.625 | R14: 0.66666667 | S14: 0.875 | T14: =IFERROR(MOD(S14-P14,1)-(R14-Q14),"") -> 0.33333333 | U14: OFF | V14: OFF | W14: OFF | X14: OFF | Y14: =IFERROR(MOD(X14-U14,1)-(W14-V14),"") | Z14: OFF | AA14: OFF | AB14: OFF | AC14: OFF | AD14: =IFERROR(MOD(AC14-Z14,1)-(AB14-AA14),"") | AE14: 0.29166667 | AF14: 0.54166667 | AG14: 0.625 | AH14: 0.70833333 | AI14: =IFERROR(MOD(AH14-AE14,1)-(AG14-AF14),"") -> 0.33333333 | AJ14: 0.29166667 | AK14: 0.5 | AL14: 0.54166667 | AM14: 0.66666667 | AN14: =IFERROR(MOD(AM14-AJ14,1)-(AL14-AK14),"") -> 0.33333333 | AO14: =SUM(J14,O14,T14,Y14,AD14,AI14,AN14) -> 1.6666667 | AQ14: =IF(AO14>$AO$1, "Alerte Dépassement!!!","")
B15: NGOUGOURE ALASA Aminatou | D15: Digit- Engagement | E15: DA | F15: 0 | G15: 0.29166667 | H15: 0.875 | I15: 1 | J15: 0.33333333 | K15: 0 | L15: 0.083333333 | M15: 0.16666667 | N15: 0.29166667 | O15: =IFERROR(MOD(N15-K15,1)-(M15-L15),"") -> 0.20833333 | P15: OFF | Q15: OFF | R15: OFF | S15: OFF | T15: =IFERROR(MOD(S15-P15,1)-(R15-Q15),"") | U15: OFF | V15: OFF | W15: OFF | X15: OFF | Y15: =IFERROR(MOD(X15-U15,1)-(W15-V15),"") | Z15: 0.875 | AC15: 1 | AD15: =IFERROR(MOD(AC15-Z15,1)-(AB15-AA15),"") -> 0.125 | AE15: 0 | AF15: 0.29166667 | AG15: 0.875 | AH15: 1 | AI15: 0.33333333 | AJ15: 0 | AK15: 0.29166667 | AL15: 0.875 | AM15: 1 | AN15: 0.33333333 | AO15: =SUM(J15,O15,T15,Y15,AD15,AI15,AN15) -> 1.3333333 | AQ15: =IF(AO15>$AO$1, "Alerte Dépassement!!!","")
B16: TEUKAM MBATKAM SYLVIE | D16: Digit- Engagement | E16: DA | F16: 0.45833333 | G16: 0.625 | H16: 0.66666667 | I16: 0.83333333 | J16: =IFERROR(MOD(I16-F16,1)-(H16-G16),"") -> 0.33333333 | K16: 0.45833333 | L16: 0.625 | M16: 0.66666667 | N16: 0.83333333 | O16: =IFERROR(MOD(N16-K16,1)-(M16-L16),"") -> 0.33333333 | P16: OFF | Q16: OFF | R16: OFF | S16: OFF | T16: =IFERROR(MOD(S16-P16,1)-(R16-Q16),"") | U16: OFF | V16: OFF | W16: OFF | X16: OFF | Y16: =IFERROR(MOD(X16-U16,1)-(W16-V16),"") | Z16: 0.375 | AA16: 0.625 | AB16: 0.66666667 | AC16: 0.75 | AD16: =IFERROR(MOD(AC16-Z16,1)-(AB16-AA16),"") -> 0.33333333 | AE16: 0.375 | AF16: 0.58333333 | AG16: 0.625 | AH16: 0.75 | AI16: =IFERROR(MOD(AH16-AE16,1)-(AG16-AF16),"") -> 0.33333333 | AJ16: 0.375 | AK16: 0.625 | AL16: 0.66666667 | AM16: 0.75 | AN16: =IFERROR(MOD(AM16-AJ16,1)-(AL16-AK16),"") -> 0.33333333 | AO16: =SUM(J16,O16,T16,Y16,AD16,AI16,AN16) -> 1.6666667
B17: GUEBU ESTHER CRISTELLE | C17: TAD | D17: Digit- Engagement | E17: DA | F17: 0.5 | G17: 0.58333333 | H17: 0.66666667 | I17: 0.91666667 | J17: =IFERROR(MOD(I17-F17,1)-(H17-G17),"") -> 0.33333333 | K17: OFF | L17: OFF | M17: OFF | N17: OFF | O17: =IFERROR(MOD(N17-K17,1)-(M17-L17),"") | P17: OFF | Q17: OFF | R17: OFF | S17: OFF | T17: =IFERROR(MOD(S17-P17,1)-(R17-Q17),"") | U17: 0.29166667 | V17: 0.375 | W17: 0.66666667 | X17: 0.91666667 | Y17: =IFERROR(MOD(X17-U17,1)-(W17-V17),"") -> 0.33333333 | Z17: 0.29166667 | AA17: 0.375 | AB17: 0.66666667 | AC17: 0.91666667 | AD17: =IFERROR(MOD(AC17-Z17,1)-(AB17-AA17),"") -> 0.33333333 | AE17: 0.41666667 | AF17: 0.66666667 | AG17: 0.70833333 | AH17: 0.79166667 | AI17: =IFERROR(MOD(AH17-AE17,1)-(AG17-AF17),"") -> 0.33333333 | AJ17: 0.41666667 | AK17: 0.5 | AL17: 0.66666667 | AM17: 0.91666667 | AN17: =IFERROR(MOD(AM17-AJ17,1)-(AL17-AK17),"") -> 0.33333333 | AO17: =SUM(J17,O17,T17,Y17,AD17,AI17,AN17) -> 1.6666667
B18: NNOMO Frida | D18: Digit- Engagement | E18: DA | F18: 0.5 | G18: 0.625 | H18: 0.66666667 | I18: 0.875 | J18: =IFERROR(MOD(I18-F18,1)-(H18-G18),"") -> 0.33333333 | K18: 0.54166667 | L18: 0.66666667 | M18: 0.70833333 | N18: 0.91666667 | O18: =IFERROR(MOD(N18-K18,1)-(M18-L18),"") -> 0.33333333 | P18: OFF | Q18: OFF | R18: OFF | S18: OFF | T18: =IFERROR(MOD(S18-P18,1)-(R18-Q18),"") | U18: OFF | V18: OFF | W18: OFF | X18: OFF | Y18: =IFERROR(MOD(X18-U18,1)-(W18-V18),"") | Z18: 0.29166667 | AA18: 0.54166667 | AB18: 0.58333333 | AC18: 0.66666667 | AD18: =IFERROR(MOD(AC18-Z18,1)-(AB18-AA18),"") -> 0.33333333 | AE18: 0.29166667 | AF18: 0.54166667 | AG18: 0.58333333 | AH18: 0.66666667 | AI18: =IFERROR(MOD(AH18-AE18,1)-(AG18-AF18),"") -> 0.33333333 | AJ18: 0.41666667 | AK18: 0.54166667 | AL18: 0.58333333 | AM18: 0.79166667 | AN18: =IFERROR(MOD(AM18-AJ18,1)-(AL18-AK18),"") -> 0.33333333 | AO18: =SUM(J18,O18,T18,Y18,AD18,AI18,AN18) -> 1.6666667
B19: TAINGO, Chinaze | D19: Digit- Engagement | E19: DA | F19: 0.29166667 | G19: 0.54166667 | H19: 0.58333333 | I19: 0.66666667 | J19: =IFERROR(MOD(I19-F19,1)-(H19-G19),"") -> 0.33333333 | K19: 0.29166667 | L19: 0.54166667 | M19: 0.58333333 | N19: 0.66666667 | O19: =IFERROR(MOD(N19-K19,1)-(M19-L19),"") -> 0.33333333 | P19: 0.29166667 | Q19: 0.54166667 | R19: 0.58333333 | S19: 0.66666667 | T19: =IFERROR(MOD(S19-P19,1)-(R19-Q19),"") -> 0.33333333 | U19: 0.45833333 | V19: 0.66666667 | W19: 0.70833333 | X19: 0.83333333 | Y19: =IFERROR(MOD(X19-U19,1)-(W19-V19),"") -> 0.33333333 | Z19: permission | AC19: permission | AD19: =IFERROR(MOD(AC19-Z19,1)-(AB19-AA19),"") | AE19: OFF | AF19: OFF | AG19: OFF | AH19: OFF | AI19: =IFERROR(MOD(AH19-AE19,1)-(AG19-AF19),"") | AJ19: OFF | AK19: OFF | AL19: OFF | AM19: OFF | AN19: =IFERROR(MOD(AM19-AJ19,1)-(AL19-AK19),"") | AO19: =SUM(J19,O19,T19,Y19,AD19,AI19,AN19) -> 1.3333333
B20: Germaine Merveille NGASSA MVOGO | D20: Digit-Impact | E20: DA | F20: OFF | G20: OFF | H20: OFF | I20: OFF | J20: =IFERROR(MOD(I20-F20,1)-(H20-G20),"") | K20: OFF | L20: OFF | M20: OFF | N20: OFF | O20: =IFERROR(MOD(N20-K20,1)-(M20-L20),"") | P20: 0.29166667 | Q20: 0.5 | R20: 0.54166667 | S20: 0.66666667 | T20: =IFERROR(MOD(S20-P20,1)-(R20-Q20),"") -> 0.33333333 | U20: 0.29166667 | V20: 0.5 | W20: 0.54166667 | X20: 0.66666667 | Y20: =IFERROR(MOD(X20-U20,1)-(W20-V20),"") -> 0.33333333 | Z20: 0.33333333 | AA20: 0.58333333 | AB20: 0.625 | AC20: 0.70833333 | AD20: =IFERROR(MOD(AC20-Z20,1)-(AB20-AA20),"") -> 0.33333333 | AE20: 0.5 | AF20: 0.625 | AG20: 0.66666667 | AH20: 0.875 | AI20: =IFERROR(MOD(AH20-AE20,1)-(AG20-AF20),"") -> 0.33333333 | AJ20: 0.5 | AK20: 0.625 | AL20: 0.66666667 | AM20: 0.875 | AN20: =IFERROR(MOD(AM20-AJ20,1)-(AL20-AK20),"") -> 0.33333333 | AO20: =SUM(J20,O20,T20,Y20,AD20,AI20,AN20) -> 1.6666667
B21: GUIADEM MURIELLE SONIA | D21: Digit-Impact | E21: DA | F21: HP | G21: HP | H21: HP | I21: HP | J21: =IFERROR(MOD(I21-F21,1)-(H21-G21),"") | K21: HP | L21: HP | M21: HP | N21: HP | O21: =IFERROR(MOD(N21-K21,1)-(M21-L21),"") | P21: HP | Q21: HP | R21: HP | S21: HP | T21: =IFERROR(MOD(S21-P21,1)-(R21-Q21),"") | U21: HP | V21: HP | W21: HP | X21: HP | Y21: =IFERROR(MOD(X21-U21,1)-(W21-V21),"") | Z21: HP | AA21: HP | AB21: HP | AC21: HP | AD21: =IFERROR(MOD(AC21-Z21,1)-(AB21-AA21),"") | AE21: HP | AF21: HP | AG21: HP | AH21: HP | AI21: =IFERROR(MOD(AH21-AE21,1)-(AG21-AF21),"") | AJ21: HP | AK21: HP | AL21: HP | AM21: HP | AN21: =IFERROR(MOD(AM21-AJ21,1)-(AL21-AK21),"") | AO21: =SUM(J21,O21,T21,Y21,AD21,AI21,AN21) -> 0 | AQ21: =IF(AO21>$AO$1, "Alerte Dépassement!!!","")
B22: MVIE AHANDA ELIE SIMON PIERRE | D22: Digit-Impact | E22: DA | F22: 0.29166667 | G22: 0.54166667 | H22: 0.58333333 | I22: 0.66666667 | J22: =IFERROR(MOD(I22-F22,1)-(H22-G22),"") -> 0.33333333 | K22: 0.29166667 | L22: 0.54166667 | M22: 0.58333333 | N22: 0.66666667 | O22: =IFERROR(MOD(N22-K22,1)-(M22-L22),"") -> 0.33333333 | P22: 0.29166667 | Q22: 0.54166667 | R22: 0.58333333 | S22: 0.66666667 | T22: =IFERROR(MOD(S22-P22,1)-(R22-Q22),"") -> 0.33333333 | U22: 0.54166667 | V22: 0.66666667 | W22: 0.70833333 | X22: 0.91666667 | Y22: =IFERROR(MOD(X22-U22,1)-(W22-V22),"") -> 0.33333333 | Z22: 0.54166667 | AA22: 0.66666667 | AB22: 0.70833333 | AC22: 0.91666667 | AD22: =IFERROR(MOD(AC22-Z22,1)-(AB22-AA22),"") -> 0.33333333 | AE22: OFF | AF22: OFF | AG22: OFF | AH22: OFF | AI22: =IFERROR(MOD(AH22-AE22,1)-(AG22-AF22),"") | AJ22: OFF | AK22: OFF | AL22: OFF | AM22: OFF | AN22: =IFERROR(MOD(AM22-AJ22,1)-(AL22-AK22),"") | AO22: =SUM(J22,O22,T22,Y22,AD22,AI22,AN22) -> 1.6666667 | AQ22: =IF(AO22>$AO$1, "Alerte Dépassement!!!","")
B23: NGUIMTSA Lauyick | D23: Digit-Impact | E23: DA | F23: 0.5 | G23: 0.625 | H23: 0.66666667 | I23: 0.875 | J23: =IFERROR(MOD(I23-F23,1)-(H23-G23),"") -> 0.33333333 | K23: 0.875 | N23: 1 | O23: =IFERROR(MOD(N23-K23,1)-(M23-L23),"") -> 0.125 | P23: 0 | Q23: 0.29166667 | R23: 0.875 | S23: 1 | T23: 0.33333333 | U23: 0 | V23: 0.16666667 | W23: 0.25 | X23: 0.29166667 | Y23: =IFERROR(MOD(X23-U23,1)-(W23-V23),"") -> 0.20833333 | Z23: OFF | AA23: OFF | AB23: OFF | AC23: OFF | AD23: =IFERROR(MOD(AC23-Z23,1)-(AB23-AA23),"") | AE23: 0.29166667 | AF23: 0.54166667 | AG23: 0.58333333 | AH23: 0.66666667 | AI23: =IFERROR(MOD(AH23-AE23,1)-(AG23-AF23),"") -> 0.33333333 | AJ23: 0.29166667 | AK23: 0.54166667 | AL23: 0.58333333 | AM23: 0.66666667 | AN23: =IFERROR(MOD(AM23-AJ23,1)-(AL23-AK23),"") -> 0.33333333 | AO23: =SUM(J23,O23,T23,Y23,AD23,AI23,AN23) -> 1.6666667 | AQ23: =IF(AO23>$AO$1, "Alerte Dépassement!!!","")
B24: DJOBOM VATSOU WILLIAM VICTOR | D24: Digit-Impact | E24: DA | F24: OFF | G24: OFF | H24: OFF | I24: OFF | J24: =IFERROR(MOD(I24-F24,1)-(H24-G24),"") | K24: OFF | L24: OFF | M24: OFF | N24: OFF | O24: =IFERROR(MOD(N24-K24,1)-(M24-L24),"") | P24: 0.29166667 | Q24: 0.5 | R24: 0.54166667 | S24: 0.66666667 | T24: =IFERROR(MOD(S24-P24,1)-(R24-Q24),"") -> 0.33333333 | U24: 0.29166667 | V24: 0.5 | W24: 0.54166667 | X24: 0.66666667 | Y24: =IFERROR(MOD(X24-U24,1)-(W24-V24),"") -> 0.33333333 | Z24: 0.29166667 | AA24: 0.5 | AB24: 0.54166667 | AC24: 0.66666667 | AD24: =IFERROR(MOD(AC24-Z24,1)-(AB24-AA24),"") -> 0.33333333 | AE24: 0.54166667 | AF24: 0.66666667 | AG24: 0.70833333 | AH24: 0.91666667 | AI24: =IFERROR(MOD(AH24-AE24,1)-(AG24-AF24),"") -> 0.33333333 | AJ24: 0.875 | AM24: 1 | AN24: =IFERROR(MOD(AM24-AJ24,1)-(AL24-AK24),"") -> 0.125 | AO24: =SUM(J24,O24,T24,Y24,AD24,AI24,AN24) -> 1.4583333 | AQ24: =IF(AO24>$AO$1, "Alerte Dépassement!!!","")
B25: MBOLE ZO'OBO GAELLE | D25: Digit-Impact | E25: DA | F25: 0.45833333 | G25: 0.625 | H25: 0.66666667 | I25: 0.83333333 | J25: =IFERROR(MOD(I25-F25,1)-(H25-G25),"") -> 0.33333333 | K25: 0.5 | L25: 0.625 | M25: 0.66666667 | N25: 0.875 | O25: =IFERROR(MOD(N25-K25,1)-(M25-L25),"") -> 0.33333333 | P25: 0.45833333 | Q25: 0.625 | R25: 0.66666667 | S25: 0.83333333 | T25: =IFERROR(MOD(S25-P25,1)-(R25-Q25),"") -> 0.33333333 | U25: OFF | V25: OFF | W25: OFF | X25: OFF | Y25: =IFERROR(MOD(X25-U25,1)-(W25-V25),"") | Z25: OFF | AA25: OFF | AB25: OFF | AC25: OFF | AD25: =IFERROR(MOD(AC25-Z25,1)-(AB25-AA25),"") | AE25: 0.29166667 | AF25: 0.54166667 | AG25: 0.58333333 | AH25: 0.66666667 | AI25: =IFERROR(MOD(AH25-AE25,1)-(AG25-AF25),"") -> 0.33333333 | AJ25: 0.29166667 | AK25: 0.54166667 | AL25: 0.58333333 | AM25: 0.66666667 | AN25: =IFERROR(MOD(AM25-AJ25,1)-(AL25-AK25),"") -> 0.33333333 | AO25: =SUM(J25,O25,T25,Y25,AD25,AI25,AN25) -> 1.6666667 | AQ25: =IF(AO25>$AO$1, "Alerte Dépassement!!!","")
B26: CORSOL MARIE MICHELLE | D26: Digit-Impact | E26: DA | F26: 0.45833333 | G26: 0.58333333 | H26: 0.625 | I26: 0.83333333 | J26: =IFERROR(MOD(I26-F26,1)-(H26-G26),"") -> 0.33333333 | K26: 0.45833333 | L26: 0.58333333 | M26: 0.625 | N26: 0.83333333 | O26: =IFERROR(MOD(N26-K26,1)-(M26-L26),"") -> 0.33333333 | P26: OFF | Q26: OFF | R26: OFF | S26: OFF | T26: =IFERROR(MOD(S26-P26,1)-(R26-Q26),"") | U26: OFF | V26: OFF | W26: OFF | X26: OFF | Y26: =IFERROR(MOD(X26-U26,1)-(W26-V26),"") | Z26: 0.29166667 | AA26: 0.54166667 | AB26: 0.58333333 | AC26: 0.66666667 | AD26: =IFERROR(MOD(AC26-Z26,1)-(AB26-AA26),"") -> 0.33333333 | AE26: 0.29166667 | AF26: 0.54166667 | AG26: 0.58333333 | AH26: 0.66666667 | AI26: =IFERROR(MOD(AH26-AE26,1)-(AG26-AF26),"") -> 0.33333333 | AJ26: 0.41666667 | AK26: 0.54166667 | AL26: 0.58333333 | AM26: 0.79166667 | AN26: =IFERROR(MOD(AM26-AJ26,1)-(AL26-AK26),"") -> 0.33333333 | AO26: =SUM(J26,O26,T26,Y26,AD26,AI26,AN26) -> 1.6666667 | AQ26: =IF(AO26>$AO$1, "Alerte Dépassement!!!","")
B27: NGUE OND MARIE GRACE | D27: Digit-Impact | E27: DA | F27: 0.29166667 | G27: 0.54166667 | H27: 0.58333333 | I27: 0.66666667 | J27: =IFERROR(MOD(I27-F27,1)-(H27-G27),"") -> 0.33333333 | K27: 0.29166667 | L27: 0.54166667 | M27: 0.58333333 | N27: 0.66666667 | O27: =IFERROR(MOD(N27-K27,1)-(M27-L27),"") -> 0.33333333 | P27: 0.41666667 | Q27: 0.58333333 | R27: 0.625 | S27: 0.79166667 | T27: =IFERROR(MOD(S27-P27,1)-(R27-Q27),"") -> 0.33333333 | U27: 0.45833333 | V27: 0.625 | W27: 0.66666667 | X27: 0.83333333 | Y27: =IFERROR(MOD(X27-U27,1)-(W27-V27),"") -> 0.33333333 | Z27: 0.45833333 | AA27: 0.625 | AB27: 0.66666667 | AC27: 0.83333333 | AD27: =IFERROR(MOD(AC27-Z27,1)-(AB27-AA27),"") -> 0.33333333 | AE27: OFF | AF27: OFF | AG27: OFF | AH27: OFF | AI27: =IFERROR(MOD(AH27-AE27,1)-(AG27-AF27),"") | AJ27: OFF | AK27: OFF | AL27: OFF | AM27: OFF | AN27: =IFERROR(MOD(AM27-AJ27,1)-(AL27-AK27),"") | AO27: =SUM(J27,O27,T27,Y27,AD27,AI27,AN27) -> 1.6666667 | AQ27: =IF(AO27>$AO$1, "Alerte Dépassement!!!","")
B28: NGONO NKOA Sonia Gernique | D28: Digit-Impact | E28: DA | F28: 0.29166667 | G28: 0.54166667 | H28: 0.58333333 | I28: 0.66666667 | J28: =IFERROR(MOD(I28-F28,1)-(H28-G28),"") -> 0.33333333 | K28: 0.41666667 | L28: 0.58333333 | M28: 0.625 | N28: 0.79166667 | O28: =IFERROR(MOD(N28-K28,1)-(M28-L28),"") -> 0.33333333 | P28: 0.45833333 | Q28: 0.66666667 | R28: 0.70833333 | S28: 0.83333333 | T28: =IFERROR(MOD(S28-P28,1)-(R28-Q28),"") -> 0.33333333 | U28: 0.54166667 | V28: 0.66666667 | W28: 0.70833333 | X28: 0.91666667 | Y28: =IFERROR(MOD(X28-U28,1)-(W28-V28),"") -> 0.33333333 | Z28: OFF | AA28: OFF | AB28: OFF | AC28: OFF | AD28: =IFERROR(MOD(AC28-Z28,1)-(AB28-AA28),"") | AE28: OFF | AF28: OFF | AG28: OFF | AH28: OFF | AI28: =IFERROR(MOD(AH28-AE28,1)-(AG28-AF28),"") | AJ28: 0.29166667 | AK28: 0.54166667 | AL28: 0.58333333 | AM28: 0.66666667 | AN28: =IFERROR(MOD(AM28-AJ28,1)-(AL28-AK28),"") -> 0.33333333 | AO28: =SUM(J28,O28,T28,Y28,AD28,AI28,AN28) -> 1.6666667 | AQ28: =IF(AO28>$AO$1, "Alerte Dépassement!!!","")
B29: NKOUAMBIA Joel | C29: TS | D29: Digit-Impact | E29: DA | F29: BU | G29: BU | H29: BU | I29: BU | J29: =IFERROR(MOD(I29-F29,1)-(H29-G29),"") | K29: BU | L29: BU | M29: BU | N29: BU | O29: =IFERROR(MOD(N29-K29,1)-(M29-L29),"") | P29: BU | Q29: BU | R29: BU | S29: BU | T29: =IFERROR(MOD(S29-P29,1)-(R29-Q29),"") | U29: BU | V29: BU | W29: BU | X29: BU | Y29: =IFERROR(MOD(X29-U29,1)-(W29-V29),"") | Z29: BU | AA29: BU | AB29: BU | AC29: BU | AD29: =IFERROR(MOD(AC29-Z29,1)-(AB29-AA29),"") | AE29: BU | AF29: BU | AG29: BU | AH29: BU | AI29: =IFERROR(MOD(AH29-AE29,1)-(AG29-AF29),"") | AJ29: BU | AK29: BU | AL29: BU | AM29: BU | AN29: =IFERROR(MOD(AM29-AJ29,1)-(AL29-AK29),"") | AO29: =SUM(J29,O29,T29,Y29,AD29,AI29,AN29) -> 0 | AQ29: =IF(AO29>$AO$1, "Alerte Dépassement!!!","")
B30: NKOULOU ENYEGUE SAMIRA MAZARINE | D30: Digit-Impact | E30: DA | F30: 0.29166667 | G30: 0.54166667 | H30: 0.58333333 | I30: 0.66666667 | J30: =IFERROR(MOD(I30-F30,1)-(H30-G30),"") -> 0.33333333 | K30: 0.41666667 | L30: 0.58333333 | M30: 0.625 | N30: 0.79166667 | O30: =IFERROR(MOD(N30-K30,1)-(M30-L30),"") -> 0.33333333 | P30: 0.5 | Q30: 0.625 | R30: 0.66666667 | S30: 0.875 | T30: =IFERROR(MOD(S30-P30,1)-(R30-Q30),"") -> 0.33333333 | U30: 0.45833333 | V30: 0.625 | W30: 0.66666667 | X30: 0.83333333 | Y30: =IFERROR(MOD(X30-U30,1)-(W30-V30),"") -> 0.33333333 | Z30: OFF | AA30: OFF | AB30: OFF | AC30: OFF | AD30: =IFERROR(MOD(AC30-Z30,1)-(AB30-AA30),"") | AE30: OFF | AF30: OFF | AG30: OFF | AH30: OFF | AI30: =IFERROR(MOD(AH30-AE30,1)-(AG30-AF30),"") | AJ30: 0.29166667 | AK30: 0.54166667 | AL30: 0.58333333 | AM30: 0.66666667 | AN30: =IFERROR(MOD(AM30-AJ30,1)-(AL30-AK30),"") -> 0.33333333 | AO30: =SUM(J30,O30,T30,Y30,AD30,AI30,AN30) -> 1.6666667 | AQ30: =IF(AO30>$AO$1, "Alerte Dépassement!!!","")
B31: NONO Michelle Dariah | C31: TT | D31: Digit-Impact | E31: DA | F31: OFF | G31: OFF | H31: OFF | I31: OFF | J31: =IFERROR(MOD(I31-F31,1)-(H31-G31),"") | K31: 0.35416667 | L31: 0.54166667 | M31: 0.58333333 | N31: 0.6875 | O31: =IFERROR(MOD(N31-K31,1)-(M31-L31),"") -> 0.29166667 | P31: 0.35416667 | Q31: 0.54166667 | R31: 0.58333333 | S31: 0.6875 | T31: =IFERROR(MOD(S31-P31,1)-(R31-Q31),"") -> 0.29166667 | U31: 0.35416667 | V31: 0.54166667 | W31: 0.58333333 | X31: 0.6875 | Y31: =IFERROR(MOD(X31-U31,1)-(W31-V31),"") -> 0.29166667 | Z31: 0.35416667 | AA31: 0.54166667 | AB31: 0.58333333 | AC31: 0.6875 | AD31: =IFERROR(MOD(AC31-Z31,1)-(AB31-AA31),"") -> 0.29166667 | AE31: 0.35416667 | AF31: 0.54166667 | AG31: 0.58333333 | AH31: 0.6875 | AI31: =IFERROR(MOD(AH31-AE31,1)-(AG31-AF31),"") -> 0.29166667 | AJ31: OFF | AK31: OFF | AL31: OFF | AM31: OFF | AN31: =IFERROR(MOD(AM31-AJ31,1)-(AL31-AK31),"") | AO31: =SUM(J31,O31,T31,Y31,AD31,AI31,AN31) -> 1.4583333 | AQ31: =IF(AO31>$AO$1, "Alerte Dépassement!!!","")
B32: DONFACK, MAMANFO BLANDINE | D32: Digit-Impact | E32: DA | F32: 0.29166667 | G32: 0.54166667 | H32: 0.58333333 | I32: 0.66666667 | J32: =IFERROR(MOD(I32-F32,1)-(H32-G32),"") -> 0.33333333 | K32: 0.29166667 | L32: 0.54166667 | M32: 0.58333333 | N32: 0.66666667 | O32: =IFERROR(MOD(N32-K32,1)-(M32-L32),"") -> 0.33333333 | P32: 0.45833333 | Q32: 0.625 | R32: 0.66666667 | S32: 0.83333333 | T32: =IFERROR(MOD(S32-P32,1)-(R32-Q32),"") -> 0.33333333 | U32: 0.5 | V32: 0.625 | W32: 0.66666667 | X32: 0.875 | Y32: =IFERROR(MOD(X32-U32,1)-(W32-V32),"") -> 0.33333333 | Z32: OFF | AA32: OFF | AB32: OFF | AC32: OFF | AD32: =IFERROR(MOD(AC32-Z32,1)-(AB32-AA32),"") | AE32: OFF | AF32: OFF | AG32: OFF | AH32: OFF | AI32: =IFERROR(MOD(AH32-AE32,1)-(AG32-AF32),"") | AJ32: 0.29166667 | AK32: 0.54166667 | AL32: 0.58333333 | AM32: 0.66666667 | AN32: =IFERROR(MOD(AM32-AJ32,1)-(AL32-AK32),"") -> 0.33333333 | AO32: =SUM(J32,O32,T32,Y32,AD32,AI32,AN32) -> 1.6666667 | AQ32: =IF(AO32>$AO$1, "Alerte Dépassement!!!","")
B33: EYINGA AKAME VERANNE MERVEILLE SOLEIL | C33: TAD | D33: Digit-Impact | E33: DA | F33: 0.5 | G33: 0.70833333 | H33: 0.79166667 | I33: 0.91666667 | J33: =IFERROR(MOD(I33-F33,1)-(H33-G33),"") -> 0.33333333 | K33: OFF | L33: OFF | M33: OFF | N33: OFF | O33: =IFERROR(MOD(N33-K33,1)-(M33-L33),"") | P33: OFF | Q33: OFF | R33: OFF | S33: OFF | T33: =IFERROR(MOD(S33-P33,1)-(R33-Q33),"") | U33: 0.29166667 | V33: 0.41666667 | W33: 0.66666667 | X33: 0.875 | Y33: =IFERROR(MOD(X33-U33,1)-(W33-V33),"") -> 0.33333333 | Z33: 0.29166667 | AA33: 0.375 | AB33: 0.66666667 | AC33: 0.91666667 | AD33: =IFERROR(MOD(AC33-Z33,1)-(AB33-AA33),"") -> 0.33333333 | AE33: 0.5 | AF33: 0.58333333 | AG33: 0.66666667 | AH33: 0.91666667 | AI33: =IFERROR(MOD(AH33-AE33,1)-(AG33-AF33),"") -> 0.33333333 | AJ33: 0.5 | AK33: 0.58333333 | AL33: 0.66666667 | AM33: 0.91666667 | AN33: =IFERROR(MOD(AM33-AJ33,1)-(AL33-AK33),"") -> 0.33333333 | AO33: =SUM(J33,O33,T33,Y33,AD33,AI33,AN33) -> 1.6666667
B34: NANA SIME DIANE ASTRIDE | C34: BU | D34: Digit-Impact | E34: DA | F34: BU | G34: BU | H34: BU | I34: BU | J34: =IFERROR(MOD(I34-F34,1)-(H34-G34),"") | K34: BU | L34: BU | M34: BU | N34: BU | O34: =IFERROR(MOD(N34-K34,1)-(M34-L34),"") | P34: BU | Q34: BU | R34: BU | S34: BU | T34: =IFERROR(MOD(S34-P34,1)-(R34-Q34),"") | U34: BU | V34: BU | W34: BU | X34: BU | Y34: =IFERROR(MOD(X34-U34,1)-(W34-V34),"") | Z34: BU | AA34: BU | AB34: BU | AC34: BU | AD34: =IFERROR(MOD(AC34-Z34,1)-(AB34-AA34),"") | AE34: BU | AF34: BU | AG34: BU | AH34: BU | AI34: =IFERROR(MOD(AH34-AE34,1)-(AG34-AF34),"") | AJ34: BU | AK34: BU | AL34: BU | AM34: BU | AN34: =IFERROR(MOD(AM34-AJ34,1)-(AL34-AK34),"") | AO34: =SUM(J34,O34,T34,Y34,AD34,AI34,AN34) -> 0
B35: EKODO AKONO ARSENE MERCIER | D35: Digit-Impact | E35: DA | F35: 0.875 | I35: 1 | J35: =IFERROR(MOD(I35-F35,1)-(H35-G35),"") -> 0.125 | K35: 0 | L35: 0.16666667 | M35: 0.25 | N35: 0.29166667 | O35: =IFERROR(MOD(N35-K35,1)-(M35-L35),"") -> 0.20833333 | P35: OFF | Q35: OFF | R35: OFF | S35: OFF | T35: =IFERROR(MOD(S35-P35,1)-(R35-Q35),"") | U35: 0.29166667 | V35: 0.54166667 | W35: 0.625 | X35: 0.70833333 | Y35: =IFERROR(MOD(X35-U35,1)-(W35-V35),"") -> 0.33333333 | Z35: 0.29166667 | AA35: 0.54166667 | AB35: 0.625 | AC35: 0.70833333 | AD35: =IFERROR(MOD(AC35-Z35,1)-(AB35-AA35),"") -> 0.33333333 | AE35: 0.41666667 | AF35: 0.66666667 | AG35: 0.70833333 | AH35: 0.79166667 | AI35: =IFERROR(MOD(AH35-AE35,1)-(AG35-AF35),"") -> 0.33333333 | AJ35: 0.54166667 | AK35: 0.66666667 | AL35: 0.70833333 | AM35: 0.91666667 | AN35: =IFERROR(MOD(AM35-AJ35,1)-(AL35-AK35),"") -> 0.33333333 | AO35: =SUM(J35,O35,T35,Y35,AD35,AI35,AN35) -> 1.6666667
B36: SIMEU SIMPLICE JOSEPH | D36: Digit-Impact | E36: DA | F36: OFF | G36: OFF | H36: OFF | I36: OFF | J36: =IFERROR(MOD(I36-F36,1)-(H36-G36),"") | K36: OFF | L36: OFF | M36: OFF | N36: OFF | O36: =IFERROR(MOD(N36-K36,1)-(M36-L36),"") | P36: 0.29166667 | Q36: 0.54166667 | R36: 0.625 | S36: 0.70833333 | T36: =IFERROR(MOD(S36-P36,1)-(R36-Q36),"") -> 0.33333333 | U36: 0.29166667 | V36: 0.54166667 | W36: 0.625 | X36: 0.70833333 | Y36: =IFERROR(MOD(X36-U36,1)-(W36-V36),"") -> 0.33333333 | Z36: 0.29166667 | AA36: 0.54166667 | AB36: 0.625 | AC36: 0.70833333 | AD36: =IFERROR(MOD(AC36-Z36,1)-(AB36-AA36),"") -> 0.33333333 | AE36: 0.54166667 | AF36: 0.66666667 | AG36: 0.70833333 | AH36: 0.91666667 | AI36: =IFERROR(MOD(AH36-AE36,1)-(AG36-AF36),"") -> 0.33333333 | AJ36: 0.54166667 | AK36: 0.66666667 | AL36: 0.70833333 | AM36: 0.91666667 | AN36: =IFERROR(MOD(AM36-AJ36,1)-(AL36-AK36),"") -> 0.33333333 | AO36: =SUM(J36,O36,T36,Y36,AD36,AI36,AN36) -> 1.6666667
B41: =AVERAGE(F41,K41,P41,U41,Z41,AE41,AJ41) -> 8.1428571 | D41: 0.29166667 | E41: Matin | F41: =COUNTIF(F$4:F$37,$D41) -> 9 | K41: =COUNTIF(K$4:K$37,$D41) -> 8 | P41: =COUNTIF(P$4:P$37,$D41) -> 8 | U41: =COUNTIF(U$4:U$37,$D41) -> 8 | Z41: =COUNTIF(Z$4:Z$37,$D41) -> 8 | AE41: =COUNTIF(AE$4:AE$37,$D41) -> 7 | AJ41: =COUNTIF(AJ$4:AJ$37,$D41) -> 9
B42: =AVERAGE(F42,K42,P42,U42,Z42,AE42,AJ42) -> 0.14285714 | D42: 0.33333333 | E42: Matin | F42: =COUNTIF(F$4:F$37,$D42) -> 0 | K42: =COUNTIF(K$4:K$37,$D42) -> 0 | P42: =COUNTIF(P$4:P$37,$D42) -> 0 | U42: =COUNTIF(U$4:U$37,$D42) -> 0 | Z42: =COUNTIF(Z$4:Z$37,$D42) -> 1 | AE42: =COUNTIF(AE$4:AE$37,$D42) -> 0 | AJ42: =COUNTIF(AJ$4:AJ$37,$D42) -> 0
B43: =AVERAGE(F43,K43,P43,U43,Z43,AE43,AJ43) -> 1.4285714 | D43: 0.41666667 | E43: Interm | F43: =COUNTIF(F$4:F$37,$D43) -> 1 | K43: =COUNTIF(K$4:K$37,$D43) -> 3 | P43: =COUNTIF(P$4:P$37,$D43) -> 1 | U43: =COUNTIF(U$4:U$37,$D43) -> 0 | Z43: =COUNTIF(Z$4:Z$37,$D43) -> 0 | AE43: =COUNTIF(AE$4:AE$37,$D43) -> 2 | AJ43: =COUNTIF(AJ$4:AJ$37,$D43) -> 3
B44: =AVERAGE(F44,K44,P44,U44,Z44,AE44,AJ44) -> 2.7142857 | D44: 0.45833333 | E44: Interm | F44: =COUNTIF(F$4:F$37,$D44) -> 4 | K44: =COUNTIF(K$4:K$37,$D44) -> 2 | P44: =COUNTIF(P$4:P$37,$D44) -> 4 | U44: =COUNTIF(U$4:U$37,$D44) -> 5 | Z44: =COUNTIF(Z$4:Z$37,$D44) -> 3 | AE44: =COUNTIF(AE$4:AE$37,$D44) -> 0 | AJ44: =COUNTIF(AJ$4:AJ$37,$D44) -> 1
B45: =AVERAGE(F45,K45,P45,U45,Z45,AE45,AJ45) -> 1.8571429 | D45: 0.5 | E45: Soir | F45: =COUNTIF(F$4:F$37,$D45) -> 4 | K45: =COUNTIF(K$4:K$37,$D45) -> 2 | P45: =COUNTIF(P$4:P$37,$D45) -> 2 | U45: =COUNTIF(U$4:U$37,$D45) -> 1 | Z45: =COUNTIF(Z$4:Z$37,$D45) -> 0 | AE45: =COUNTIF(AE$4:AE$37,$D45) -> 2 | AJ45: =COUNTIF(AJ$4:AJ$37,$D45) -> 2
B46: =AVERAGE(F46,K46,P46,U46,Z46,AE46,AJ46) -> 2.8571429 | D46: 0.54166667 | E46: Soir | F46: =COUNTIF(F$4:F$37,$D46) -> 0 | K46: =COUNTIF(K$4:K$37,$D46) -> 3 | P46: =COUNTIF(P$4:P$37,$D46) -> 3 | U46: =COUNTIF(U$4:U$37,$D46) -> 4 | Z46: =COUNTIF(Z$4:Z$37,$D46) -> 3 | AE46: =COUNTIF(AE$4:AE$37,$D46) -> 5 | AJ46: =COUNTIF(AJ$4:AJ$37,$D46) -> 2
B47: =AVERAGE(F47,K47,P47,U47,Z47,AE47,AJ47) -> 0 | D47: 0.58333333 | E47: Soir | F47: =COUNTIF(F$4:F$37,$D47) -> 0 | K47: =COUNTIF(K$4:K$37,$D47) -> 0 | P47: =COUNTIF(P$4:P$37,$D47) -> 0 | U47: =COUNTIF(U$4:U$37,$D47) -> 0 | Z47: =COUNTIF(Z$4:Z$37,$D47) -> 0 | AE47: =COUNTIF(AE$4:AE$37,$D47) -> 0 | AJ47: =COUNTIF(AJ$4:AJ$37,$D47) -> 0
B48: =AVERAGE(F48,K48,P48,U48,Z48,AE48,AJ48) -> 0 | D48: 0.625 | E48: Soir | F48: =COUNTIF(F$4:F$37,$D48) -> 0 | K48: =COUNTIF(K$4:K$37,$D48) -> 0 | P48: =COUNTIF(P$4:P$37,$D48) -> 0 | U48: =COUNTIF(U$4:U$37,$D48) -> 0 | Z48: =COUNTIF(Z$4:Z$37,$D48) -> 0 | AE48: =COUNTIF(AE$4:AE$37,$D48) -> 0 | AJ48: =COUNTIF(AJ$4:AJ$37,$D48) -> 0
B49: =AVERAGE(F49,K49,P49,U49,Z49,AE49,AJ49) -> 7.5714286 | D49: OFF | E49: OFF | F49: =COUNTIF(F$4:F$37,$D49) -> 7 | K49: =COUNTIF(K$4:K$37,$D49) -> 7 | P49: =COUNTIF(P$4:P$37,$D49) -> 7 | U49: =COUNTIF(U$4:U$37,$D49) -> 7 | Z49: =COUNTIF(Z$4:Z$37,$D49) -> 9 | AE49: =COUNTIF(AE$4:AE$37,$D49) -> 8 | AJ49: =COUNTIF(AJ$4:AJ$37,$D49) -> 8
B50: =AVERAGE(F50,K50,P50,U50,Z50,AE50,AJ50) -> 1.2857143 | D50: 0.875 | E50: NUIT | F50: =COUNTIF(F$4:F$37,$D50) -> 2 | G50: =COUNTIF(H$4:H$37,$D50) -> 1 | K50: =COUNTIF(K$4:K$37,$D50) -> 1 | L50: =COUNTIF(M$4:M$37,$D50) -> 1 | P50: =COUNTIF(P$4:P$37,$D50) -> 0 | Q50: =COUNTIF(R$4:R$37,$D50) -> 2 | U50: =COUNTIF(U$4:U$37,$D50) -> 2 | V50: =COUNTIF(W$4:W$37,$D50) -> 0 | Z50: =COUNTIF(Z$4:Z$37,$D50) -> 1 | AA50: =COUNTIF(AB$4:AB$37,$D50) -> 2 | AE50: =COUNTIF(AE$4:AE$37,$D50) -> 1 | AF50: =COUNTIF(AG$4:AG$37,$D50) -> 1 | AJ50: =COUNTIF(AJ$4:AJ$37,$D50) -> 2 | AK50: =COUNTIF(AL$4:AL$37,$D50) -> 1
B55: =J2 -> 7
B56: =O2 -> 7.1666667
B57: =T2 -> 7.625
B58: =Y2 -> 6.9583333
B59: =AD2 -> 6.4166667
B60: =AI2 -> 6.8333333
B61: =AN2 -> 6.7916667
B64: 3.5833333
B65: 4.25
B66: 5.25
B67: 5.25
B68: 5.25
B69: 4.6666667
B70: 5.3333333 | AA70: :
C249: DA | D249: LUNDI | E249: MARDI | F249: MERCREDI | G249: JEUDI | H249: VENDREDI | I249: SAMEDI | J249: DIMANCHE
B250: Congés annuels | C250: CA | D250: =COUNTIFS($E$4:$E$191,$C$249,F$4:F$191,$C250) -> 0 | E250: =COUNTIFS($E$4:$E$191,$C$249,K$4:K$191,$C250) -> 0 | F250: =COUNTIFS($E$4:$E$191,$C$249,P$4:P$191,$C250) -> 0 | G250: =COUNTIFS($E$4:$E$191,$C$249,I$4:I$191,$C250) -> 0 | H250: =COUNTIFS($E$4:$E$191,$C$249,U$4:U$191,$C250) -> 0 | I250: =COUNTIFS($E$4:$E$191,$C$249,AE$4:AE$191,$C250) -> 0 | J250: =COUNTIFS($E$4:$E$191,$C$249,AJ$4:AJ$191,$C250) -> 0
B251: Congé de Maternité | C251: CM | D251: =COUNTIFS($E$4:$E$191,$C$249,F$4:F$191,$C251) -> 0 | E251: =COUNTIFS($E$4:$E$191,$C$249,K$4:K$191,$C251) -> 0 | F251: =COUNTIFS($E$4:$E$191,$C$249,P$4:P$191,$C251) -> 0 | G251: =COUNTIFS($E$4:$E$191,$C$249,I$4:I$191,$C251) -> 0 | H251: =COUNTIFS($E$4:$E$191,$C$249,U$4:U$191,$C251) -> 0 | I251: =COUNTIFS($E$4:$E$191,$C$249,AE$4:AE$191,$C251) -> 0 | J251: =COUNTIFS($E$4:$E$191,$C$249,AJ$4:AJ$191,$C251) -> 0
B252: Heure de Tété | C252: TT | D252: =--COUNTIFS(F4:F191,$L$252,$C4:$C191,$C252,$E4:$E191,$C249)*$K252 -> 0 | E252: =--COUNTIFS(K4:K191,$L$252,$C4:$C191,$C252,$E4:$E191,$C249)*$K252 -> 0.041666667 | F252: =--COUNTIFS(P4:P191,$L$252,$C4:$C191,$C252,$E4:$E191,$C249)*$K252 -> 0.041666667 | G252: =--COUNTIFS(U4:U191,$L$252,$C4:$C191,$C252,$E4:$E191,$C249)*$K252 -> 0.041666667 | H252: =--COUNTIFS(Z4:Z191,$L$252,$C4:$C191,$C252,$E4:$E191,$C249)*$K252 -> 0.041666667 | I252: =--COUNTIFS(AE4:AE191,$L$252,$C4:$C191,$C252,$E4:$E191,$C249)*$K252 -> 0.041666667 | J252: =--COUNTIFS(AJ4:AJ191,$L$252,$C4:$C191,$C252,$E4:$E191,$C249)*$K252 -> 0 | K252: 0.041666667 | L252: >0
B253: Repos Hebdo | C253: OFF | D253: =COUNTIFS($E$4:$E$191,$C$249,F$4:F$191,$C253) -> 7 | E253: =COUNTIFS($E$4:$E$191,$C$249,K$4:K$191,$C253) -> 7 | F253: =COUNTIFS($E$4:$E$191,$C$249,P$4:P$191,$C253) -> 7 | G253: =COUNTIFS($E$4:$E$191,$C$249,I$4:I$191,$C253) -> 7 | H253: =COUNTIFS($E$4:$E$191,$C$249,U$4:U$191,$C253) -> 7 | I253: =COUNTIFS($E$4:$E$191,$C$249,AE$4:AE$191,$C253) -> 8 | J253: =COUNTIFS($E$4:$E$191,$C$249,AJ$4:AJ$191,$C253) -> 8
B254: Formation planifiée
B255: Pauses
B256: Maladie
B257: Absence
B258: Retard
B259: Départ anticipé
B260: Autorisation d'absence (événements en famille) | C260: Permission | D260: =COUNTIFS($E$4:$E$191,$C$249,F$4:F$191,$C260) -> 0 | E260: =COUNTIFS($E$4:$E$191,$C$249,K$4:K$191,$C260) -> 0 | F260: =COUNTIFS($E$4:$E$191,$C$249,P$4:P$191,$C260) -> 0 | G260: =COUNTIFS($E$4:$E$191,$C$249,I$4:I$191,$C260) -> 0 | H260: =COUNTIFS($E$4:$E$191,$C$249,U$4:U$191,$C260) -> 0 | I260: =COUNTIFS($E$4:$E$191,$C$249,AE$4:AE$191,$C260) -> 0 | J260: =COUNTIFS($E$4:$E$191,$C$249,AJ$4:AJ$191,$C260) -> 0
B261: Session qualité
B262: Mise à pied | C262: MA | D262: =COUNTIFS($E$4:$E$191,$C$249,F$4:F$191,$C262) -> 0 | E262: =COUNTIFS($E$4:$E$191,$C$249,K$4:K$191,$C262) -> 0 | F262: =COUNTIFS($E$4:$E$191,$C$249,P$4:P$191,$C262) -> 0 | G262: =COUNTIFS($E$4:$E$191,$C$249,I$4:I$191,$C262) -> 0 | H262: =COUNTIFS($E$4:$E$191,$C$249,U$4:U$191,$C262) -> 0 | I262: =COUNTIFS($E$4:$E$191,$C$249,AE$4:AE$191,$C262) -> 0 | J262: =COUNTIFS($E$4:$E$191,$C$249,AJ$4:AJ$191,$C262) -> 0
B263: Incident technique
B264: autres activités | C264: HP | D264: =COUNTIFS($E$4:$E$191,$C$249,F$4:F$191,$C264) -> 1 | E264: =COUNTIFS($E$4:$E$191,$C$249,K$4:K$191,$C264) -> 1 | F264: =COUNTIFS($E$4:$E$191,$C$249,P$4:P$191,$C264) -> 1 | G264: =COUNTIFS($E$4:$E$191,$C$249,I$4:I$191,$C264) -> 1 | H264: =COUNTIFS($E$4:$E$191,$C$249,U$4:U$191,$C264) -> 1 | I264: =COUNTIFS($E$4:$E$191,$C$249,AE$4:AE$191,$C264) -> 1 | J264: =COUNTIFS($E$4:$E$191,$C$249,AJ$4:AJ$191,$C264) -> 1
B265: heures planifées | D265: =SUMIFS(J$4:J$191,$E4:$E191,$C249) -> 7 | E265: =SUMIFS(O$4:O$191,$E4:$E191,$C249) -> 7.1666667 | F265: =SUMIFS(T$4:T$191,$E4:$E191,$C249) -> 7.625 | G265: =SUMIFS(Y$4:Y$191,$E4:$E191,$C249) -> 6.9583333 | H265: =SUMIFS(AE$4:AE$191,$E4:$E191,$C249) -> 8.1875 | I265: =SUMIFS(AI$4:AI$191,$E4:$E191,$C249) -> 6.8333333 | J265: =SUMIFS(AN$4:AN$191,$E4:$E191,$C249) -> 6.7916667
B266: effectif Global | D266: =COUNTIF($E4:$E190,$C249) -> 33 | E266: =D266 -> 33 | F266: =E266 -> 33 | G266: =F266 -> 33 | H266: =G266 -> 33 | I266: =H266 -> 33 | J266: =I266 -> 33

Sheet BO
A1: ="S"&_xlfn.ISOWEEKNUM(F1) -> S20 | B1: ="S"&_xlfn.ISOWEEKNUM(F1) -> S20 | F1: ='S&E'!H3 -> 46153 | K1: =F1+1 -> 46154 | P1: =K1+1 -> 46155 | U1: =P1+1 -> 46156 | Z1: =U1+1 -> 46157 | AE1: =Z1+1 -> 46158 | AJ1: =AE1+1 -> 46159 | AO1: 1.6666667 | AP1: =AO2/AO1 -> 20.675 | BO1: :
F2: Total jour | G2: =J2/"8:00:00" -> 17.875 | H2: =J2/$AO$2 -> 0.17291415 | I2: =COUNT(F4:F88) -> 26 | J2: =SUM(J4:J88) -> 5.9583333 | K2: Total jour | L2: =O2/"8:00:00" -> 21.625 | M2: =O2/$AO$2 -> 0.20918984 | N2: =COUNT(K4:K88) -> 31 | O2: =SUM(O4:O88) -> 7.2083333 | P2: Total jour | Q2: =T2/"8:00:00" -> 22.875 | R2: =T2/$AO$2 -> 0.22128174 | S2: =COUNT(P4:P88) -> 30 | T2: =SUM(T4:T88) -> 7.625 | U2: Total jour | V2: =Y2/"8:00:00" -> 21.25 | W2: =Y2/$AO$2 -> 0.20556227 | X2: =COUNT(U4:U88) -> 29 | Y2: =SUM(Y4:Y88) -> 7.0833333 | Z2: Total jour | AA2: =AD2/"8:00:00" -> 20.25 | AB2: =AD2/$AO$2 -> 0.19588875 | AC2: =COUNT(Z4:Z88) -> 29 | AD2: =SUM(AD4:AD88) -> 6.75 | AE2: Total jour | AF2: =AI2/"8:00:00" -> 17.5 | AG2: =AI2/$AO$2 -> 0.16928658 | AH2: =COUNT(AE4:AE88) -> 23 | AI2: =SUM(AI4:AI88) -> 5.8333333 | AJ2: Total jour | AK2: =AN2/"8:00:00" -> 16.5 | AL2: =AN2/$AO$2 -> 0.15961306 | AM2: =COUNT(AJ4:AJ88) -> 23 | AN2: =SUM(AN4:AN88) -> 5.5 | AO2: =SUM(AO4:AO35) -> 34.458333 | AP2: formation/réunion équipe | AR2: 1.6666667
A3: localité | B3: noms &prénoms | C3: ACTi | E3: Team | F3: Début | G3: Pause | I3: Fin | J3: Total | K3: Début | L3: Pause | N3: Fin | O3: Total | P3: Début | Q3: Pause | S3: Fin | T3: Total | U3: Début | V3: Pause | X3: Fin | Y3: Total | Z3: Début | AA3: Pause | AC3: Fin | AD3: Total | AE3: Début | AF3: Pause | AH3: Fin | AI3: Total | AJ3: Début | AK3: Pause | AM3: Fin | AN3: Total | AO3: Total | AP3: formation/réunion équipe
A4: NYOM2 | B4: BABOSSA PAUL HERMANN | C4: BENUE | D4: FY | E4: BO | F4: OFF | G4: OFF | H4: OFF | I4: OFF | J4: =IFERROR(MOD(I4-F4,1)-(H4-G4),"") | K4: OFF | L4: OFF | M4: OFF | N4: OFF | O4: =IFERROR(MOD(N4-K4,1)-(M4-L4),"") | P4: 0.29166667 | S4: 0.54166667 | T4: =IFERROR(MOD(S4-P4,1)-(R4-Q4),"") -> 0.25 | U4: 0.29166667 | X4: 0.54166667 | Y4: =IFERROR(MOD(X4-U4,1)-(W4-V4),"") -> 0.25 | Z4: 0.375 | AC4: 0.54166667 | AD4: =IFERROR(MOD(AC4-Z4,1)-(AB4-AA4),"") -> 0.16666667 | AE4: 0.375 | AH4: 0.54166667 | AI4: =IFERROR(MOD(AH4-AE4,1)-(AG4-AF4),"") -> 0.16666667 | AJ4: OFF | AK4: OFF | AL4: OFF | AM4: OFF | AN4: =IFERROR(MOD(AM4-AJ4,1)-(AL4-AK4),"") | AO4: =SUM(J4,O4,T4,Y4,AD4,AI4,AN4) -> 0.83333333 | AR4: =COUNTIF(F4:AN4,"OFF")/4 -> 3
A5: MESSA6 | B5: ATEBA EYENGUA Edith | C5: BENUE | D5: NC | E5: BO | F5: 0.33333333 | I5: 0.58333333 | J5: =IFERROR(MOD(I5-F5,1)-(H5-G5),"") -> 0.25 | K5: 0.33333333 | N5: 0.58333333 | O5: =IFERROR(MOD(N5-K5,1)-(M5-L5),"") -> 0.25 | P5: 0.33333333 | S5: 0.58333333 | T5: =IFERROR(MOD(S5-P5,1)-(R5-Q5),"") -> 0.25 | U5: 0.33333333 | X5: 0.58333333 | Y5: =IFERROR(MOD(X5-U5,1)-(W5-V5),"") -> 0.25 | Z5: OFF | AA5: OFF | AB5: OFF | AC5: OFF | AD5: =IFERROR(MOD(AC5-Z5,1)-(AB5-AA5),"") | AE5: OFF | AF5: OFF | AG5: OFF | AH5: OFF | AI5: =IFERROR(MOD(AH5-AE5,1)-(AG5-AF5),"") | AJ5: OFF | AK5: OFF | AL5: OFF | AM5: OFF | AN5: =IFERROR(MOD(AM5-AJ5,1)-(AL5-AK5),"") | AO5: =SUM(J5,O5,T5,Y5,AD5,AI5,AN5) -> 1 | AR5: =COUNTIF(F5:AN5,"OFF")/4 -> 3
A6: MANGU | B6: FEUGUE AYISSI BLANDINE ALICE | C6: BENUE | D6: HH | E6: BO | F6: OFF | G6: OFF | H6: OFF | I6: OFF | J6: =IFERROR(MOD(I6-F6,1)-(H6-G6),"") | K6: OFF | L6: OFF | M6: OFF | N6: OFF | O6: =IFERROR(MOD(N6-K6,1)-(M6-L6),"") | P6: 0.375 | S6: 0.625 | T6: =IFERROR(MOD(S6-P6,1)-(R6-Q6),"") -> 0.25 | U6: 0.375 | X6: 0.625 | Y6: =IFERROR(MOD(X6-U6,1)-(W6-V6),"") -> 0.25 | Z6: 0.375 | AC6: 0.625 | AD6: =IFERROR(MOD(AC6-Z6,1)-(AB6-AA6),"") -> 0.25 | AE6: 0.375 | AH6: 0.625 | AI6: =IFERROR(MOD(AH6-AE6,1)-(AG6-AF6),"") -> 0.25 | AJ6: OFF | AK6: OFF | AL6: OFF | AM6: OFF | AN6: =IFERROR(MOD(AM6-AJ6,1)-(AL6-AK6),"") | AO6: =SUM(J6,O6,T6,Y6,AD6,AI6,AN6) -> 1 | AR6: =COUNTIF(F6:AN6,"OFF")/4 -> 3
A7: BIYEM | B7: NDOUNTIO TCHINDA ALEX RUPHIN | C7: BENUE | D7: RN | E7: BO | F7: OFF | G7: OFF | H7: OFF | I7: OFF | J7: =IFERROR(MOD(I7-F7,1)-(H7-G7),"") | K7: 0.54166667 | N7: 0.79166667 | O7: =IFERROR(MOD(N7-K7,1)-(M7-L7),"") -> 0.25 | P7: 0.375 | S7: 0.625 | T7: =IFERROR(MOD(S7-P7,1)-(R7-Q7),"") -> 0.25 | U7: 0.625 | X7: 0.875 | Y7: =IFERROR(MOD(X7-U7,1)-(W7-V7),"") -> 0.25 | Z7: 0.625 | AC7: 0.875 | AD7: =IFERROR(MOD(AC7-Z7,1)-(AB7-AA7),"") -> 0.25 | AE7: OFF | AF7: OFF | AG7: OFF | AH7: OFF | AI7: =IFERROR(MOD(AH7-AE7,1)-(AG7-AF7),"") | AJ7: OFF | AK7: OFF | AL7: OFF | AM7: OFF | AN7: =IFERROR(MOD(AM7-AJ7,1)-(AL7-AK7),"") | AO7: =SUM(J7,O7,T7,Y7,AD7,AI7,AN7) -> 1 | AR7: =COUNTIF(F7:AN7,"OFF")/4 -> 3
A8: NKOLM | B8: NKOSGO BUNDIN GABRIEL | C8: BENUE | D8: FB | E8: BO | F8: OFF | G8: OFF | H8: OFF | I8: OFF | J8: =IFERROR(MOD(I8-F8,1)-(H8-G8),"") | K8: 0.625 | N8: 0.875 | O8: =IFERROR(MOD(N8-K8,1)-(M8-L8),"") -> 0.25 | P8: 0.625 | S8: 0.875 | T8: =IFERROR(MOD(S8-P8,1)-(R8-Q8),"") -> 0.25 | U8: 0.625 | X8: 0.875 | Y8: =IFERROR(MOD(X8-U8,1)-(W8-V8),"") -> 0.25 | Z8: 0.625 | AC8: 0.875 | AD8: =IFERROR(MOD(AC8-Z8,1)-(AB8-AA8),"") -> 0.25 | AE8: OFF | AF8: OFF | AG8: OFF | AH8: OFF | AI8: =IFERROR(MOD(AH8-AE8,1)-(AG8-AF8),"") | AJ8: OFF | AK8: OFF | AL8: OFF | AM8: OFF | AN8: =IFERROR(MOD(AM8-AJ8,1)-(AL8-AK8),"") | AO8: =SUM(J8,O8,T8,Y8,AD8,AI8,AN8) -> 1 | AR8: =COUNTIF(F8:AN8,"OFF")/4 -> 3
A9: MELEN | B9: JOUONAK CHIMI Sah | C9: BENUE | D9: HL | E9: BO | F9: 0.75 | I9: 0.91666667 | J9: =IFERROR(MOD(I9-F9,1)-(H9-G9),"") -> 0.16666667 | K9: 0.75 | N9: 0.91666667 | O9: =IFERROR(MOD(N9-K9,1)-(M9-L9),"") -> 0.16666667 | P9: 0.75 | S9: 0.91666667 | T9: =IFERROR(MOD(S9-P9,1)-(R9-Q9),"") -> 0.16666667 | U9: 0.75 | X9: 0.91666667 | Y9: =IFERROR(MOD(X9-U9,1)-(W9-V9),"") -> 0.16666667 | Z9: 0.75 | AC9: 0.91666667 | AD9: =IFERROR(MOD(AC9-Z9,1)-(AB9-AA9),"") -> 0.16666667 | AE9: OFF | AF9: OFF | AG9: OFF | AH9: OFF | AI9: =IFERROR(MOD(AH9-AE9,1)-(AG9-AF9),"") | AJ9: OFF | AK9: OFF | AL9: OFF | AM9: OFF | AN9: =IFERROR(MOD(AM9-AJ9,1)-(AL9-AK9),"") | AO9: =SUM(J9,O9,T9,Y9,AD9,AI9,AN9) -> 0.83333333 | AR9: =COUNTIF(F9:AN9,"OFF")/4 -> 2
A10: NKOLM | B10: ANYEUG RACHEL ESTHER | C10: BENUE | D10: SF | E10: BO | F10: CM | G10: CM | H10: CM | I10: CM | J10: =IFERROR(MOD(I10-F10,1)-(H10-G10),"") | K10: CM | L10: CM | M10: CM | N10: CM | O10: =IFERROR(MOD(N10-K10,1)-(M10-L10),"") | P10: CM | Q10: CM | R10: CM | S10: CM | T10: =IFERROR(MOD(S10-P10,1)-(R10-Q10),"") | U10: CM | V10: CM | W10: CM | X10: CM | Y10: =IFERROR(MOD(X10-U10,1)-(W10-V10),"") | Z10: CM | AA10: CM | AB10: CM | AC10: CM | AD10: =IFERROR(MOD(AC10-Z10,1)-(AB10-AA10),"") | AE10: CM | AF10: CM | AG10: CM | AH10: CM | AI10: =IFERROR(MOD(AH10-AE10,1)-(AG10-AF10),"") | AJ10: CM | AK10: CM | AL10: CM | AM10: CM | AN10: =IFERROR(MOD(AM10-AJ10,1)-(AL10-AK10),"") | AO10: =SUM(J10,O10,T10,Y10,AD10,AI10,AN10) -> 0 | AR10: =COUNTIF(F10:AN10,"OFF")/4 -> 0
A11: SIMBO | B11: EWANE MAX CLAUDE | C11: BENUE | D11: BJ | E11: BO | F11: 0.375 | I11: 0.625 | J11: =IFERROR(MOD(I11-F11,1)-(H11-G11),"") -> 0.25 | K11: 0.66666667 | N11: 0.91666667 | O11: =IFERROR(MOD(N11-K11,1)-(M11-L11),"") -> 0.25 | P11: 0.66666667 | S11: 0.91666667 | T11: =IFERROR(MOD(S11-P11,1)-(R11-Q11),"") -> 0.25 | U11: OFF | V11: OFF | W11: OFF | X11: OFF | Y11: =IFERROR(MOD(X11-U11,1)-(W11-V11),"") | Z11: OFF | AA11: OFF | AB11: OFF | AC11: OFF | AD11: =IFERROR(MOD(AC11-Z11,1)-(AB11-AA11),"") | AE11: 0.29166667 | AH11: 0.54166667 | AI11: =IFERROR(MOD(AH11-AE11,1)-(AG11-AF11),"") -> 0.25 | AJ11: 0.29166667 | AM11: 0.54166667 | AN11: =IFERROR(MOD(AM11-AJ11,1)-(AL11-AK11),"") -> 0.25 | AO11: =SUM(J11,O11,T11,Y11,AD11,AI11,AN11) -> 1.25 | AR11: =COUNTIF(F11:AN11,"OFF")/4 -> 2
A12: NGOUS | B12: EYENGA ANABA FIRMIN | C12: BENUE | D12: MH | E12: MAIL | F12: 0.375 | I12: 0.54166667 | J12: =IFERROR(MOD(I12-F12,1)-(H12-G12),"") -> 0.16666667 | K12: 0.375 | N12: 0.54166667 | O12: =IFERROR(MOD(N12-K12,1)-(M12-L12),"") -> 0.16666667 | P12: OFF | Q12: OFF | R12: OFF | S12: OFF | T12: =IFERROR(MOD(S12-P12,1)-(R12-Q12),"") | U12: OFF | V12: OFF | W12: OFF | X12: OFF | Y12: =IFERROR(MOD(X12-U12,1)-(W12-V12),"") | Z12: 0.375 | AC12: 0.54166667 | AD12: =IFERROR(MOD(AC12-Z12,1)-(AB12-AA12),"") -> 0.16666667 | AE12: 0.375 | AH12: 0.54166667 | AI12: =IFERROR(MOD(AH12-AE12,1)-(AG12-AF12),"") -> 0.16666667 | AJ12: 0.375 | AM12: 0.54166667 | AN12: =IFERROR(MOD(AM12-AJ12,1)-(AL12-AK12),"") -> 0.16666667 | AO12: =SUM(J12,O12,T12,Y12,AD12,AI12,AN12) -> 0.83333333 | AR12: =COUNTIF(F12:AN12,"OFF")/4 -> 2
A13: MIMBO | B13: TAKAM DJITCHA FRANCK ROSTAND | C13: CHARI | D13: DD | E13: BO | F13: OFF | G13: OFF | H13: OFF | I13: OFF | J13: =IFERROR(MOD(I13-F13,1)-(H13-G13),"") | K13: 0.29166667 | N13: 0.54166667 | O13: =IFERROR(MOD(N13-K13,1)-(M13-L13),"") -> 0.25 | P13: 0.29166667 | S13: 0.54166667 | T13: =IFERROR(MOD(S13-P13,1)-(R13-Q13),"") -> 0.25 | U13: 0.29166667 | X13: 0.54166667 | Y13: =IFERROR(MOD(X13-U13,1)-(W13-V13),"") -> 0.25 | Z13: 0.66666667 | AC13: 0.91666667 | AD13: =IFERROR(MOD(AC13-Z13,1)-(AB13-AA13),"") -> 0.25 | AE13: OFF | AF13: OFF | AG13: OFF | AH13: OFF | AI13: =IFERROR(MOD(AH13-AE13,1)-(AG13-AF13),"") | AJ13: OFF | AK13: OFF | AL13: OFF | AM13: OFF | AN13: =IFERROR(MOD(AM13-AJ13,1)-(AL13-AK13),"") | AO13: =SUM(J13,O13,T13,Y13,AD13,AI13,AN13) -> 1 | AR13: =COUNTIF(F13:AN13,"OFF")/4 -> 3
A14: MANGU | B14: GUILLATA Assana | C14: CHARI | D14: GS | E14: BO | F14: 0.29166667 | I14: 0.54166667 | J14: =IFERROR(MOD(I14-F14,1)-(H14-G14),"") -> 0.25 | K14: 0.375 | N14: 0.625 | O14: =IFERROR(MOD(N14-K14,1)-(M14-L14),"") -> 0.25 | P14: 0.375 | S14: 0.625 | T14: =IFERROR(MOD(S14-P14,1)-(R14-Q14),"") -> 0.25 | U14: 0.54166667 | X14: 0.79166667 | Y14: =IFERROR(MOD(X14-U14,1)-(W14-V14),"") -> 0.25 | Z14: OFF | AA14: OFF | AB14: OFF | AC14: OFF | AD14: =IFERROR(MOD(AC14-Z14,1)-(AB14-AA14),"") | AE14: OFF | AF14: OFF | AG14: OFF | AH14: OFF | AI14: =IFERROR(MOD(AH14-AE14,1)-(AG14-AF14),"") | AJ14: 0.29166667 | AM14: 0.54166667 | AN14: =IFERROR(MOD(AM14-AJ14,1)-(AL14-AK14),"") -> 0.25 | AO14: =SUM(J14,O14,T14,Y14,AD14,AI14,AN14) -> 1.25 | AR14: =COUNTIF(F14:AN14,"OFF")/4 -> 2
A15: BASTO | B15: BALLA HUBERT STEPHANE | C15: CHARI | D15: JP | E15: BO | F15: 0.29166667 | I15: 0.54166667 | J15: =IFERROR(MOD(I15-F15,1)-(H15-G15),"") -> 0.25 | K15: 0.29166667 | N15: 0.54166667 | O15: =IFERROR(MOD(N15-K15,1)-(M15-L15),"") -> 0.25 | P15: 0.375 | S15: 0.625 | T15: =IFERROR(MOD(S15-P15,1)-(R15-Q15),"") -> 0.25 | U15: 0.875 | V15: 0.041666667 | W15: 0.125 | X15: 0.29166667 | Y15: =IFERROR(MOD(X15-U15,1)-(W15-V15),"") -> 0.33333333 | Z15: OFF | AA15: OFF | AB15: OFF | AC15: OFF | AD15: =IFERROR(MOD(AC15-Z15,1)-(AB15-AA15),"") | AE15: OFF | AF15: OFF | AG15: OFF | AH15: OFF | AI15: =IFERROR(MOD(AH15-AE15,1)-(AG15-AF15),"") | AJ15: 0.29166667 | AM15: 0.54166667 | AN15: =IFERROR(MOD(AM15-AJ15,1)-(AL15-AK15),"") -> 0.25 | AO15: =SUM(J15,O15,T15,Y15,AD15,AI15,AN15) -> 1.3333333 | AR15: =COUNTIF(F15:AN15,"OFF")/4 -> 2
A16: BIYEM | B16: MOUMI TOKO THIBAULT RONALDO | C16: CHARI | D16: TH | E16: BO | F16: 0.375 | I16: 0.625 | J16: =IFERROR(MOD(I16-F16,1)-(H16-G16),"") -> 0.25 | K16: 0.375 | N16: 0.625 | O16: =IFERROR(MOD(N16-K16,1)-(M16-L16),"") -> 0.25 | P16: 0.54166667 | S16: 0.79166667 | T16: =IFERROR(MOD(S16-P16,1)-(R16-Q16),"") -> 0.25 | U16: 0.875 | X16: 1 | Y16: =IFERROR(MOD(X16-U16,1)-(W16-V16),"") -> 0.125 | Z16: 0 | AA16: 0.041666667 | AB16: 0.125 | AC16: 0.29166667 | AD16: =IFERROR(MOD(AC16-Z16,1)-(AB16-AA16),"") -> 0.20833333 | AE16: OFF | AF16: OFF | AG16: OFF | AH16: OFF | AI16: =IFERROR(MOD(AH16-AE16,1)-(AG16-AF16),"") | AJ16: OFF | AK16: OFF | AL16: OFF | AM16: OFF | AN16: =IFERROR(MOD(AM16-AJ16,1)-(AL16-AK16),"") | AO16: =SUM(J16,O16,T16,Y16,AD16,AI16,AN16) -> 1.0833333 | AR16: =COUNTIF(F16:AN16,"OFF")/4 -> 2
A17: MVOGM | B17: MANGA JEANNE JOYCE | C17: CHARI | D17: TQ | E17: BO | F17: 0.375 | I17: 0.625 | J17: =IFERROR(MOD(I17-F17,1)-(H17-G17),"") -> 0.25 | K17: 0.54166667 | N17: 0.79166667 | O17: =IFERROR(MOD(N17-K17,1)-(M17-L17),"") -> 0.25 | P17: 0.54166667 | S17: 0.79166667 | T17: =IFERROR(MOD(S17-P17,1)-(R17-Q17),"") -> 0.25 | U17: OFF | V17: OFF | W17: OFF | X17: OFF | Y17: =IFERROR(MOD(X17-U17,1)-(W17-V17),"") | Z17: OFF | AA17: OFF | AB17: OFF | AC17: OFF | AD17: =IFERROR(MOD(AC17-Z17,1)-(AB17-AA17),"") | AE17: OFF | AF17: OFF | AG17: OFF | AH17: OFF | AI17: =IFERROR(MOD(AH17-AE17,1)-(AG17-AF17),"") | AJ17: 0.625 | AM17: 0.875 | AN17: =IFERROR(MOD(AM17-AJ17,1)-(AL17-AK17),"") -> 0.25 | AO17: =SUM(J17,O17,T17,Y17,AD17,AI17,AN17) -> 1 | AR17: =COUNTIF(F17:AN17,"OFF")/4 -> 3
A18: NKOLB | B18: NKODO NKODO MICHEL | C18: CHARI | D18: TB | E18: BO | F18: 0.875 | I18: 1 | J18: =IFERROR(MOD(I18-F18,1)-(H18-G18),"") -> 0.125 | K18: 0 | L18: 0.041666667 | M18: 0.125 | N18: 0.29166667 | O18: =IFERROR(MOD(N18-K18,1)-(M18-L18),"") -> 0.20833333 | P18: OFF | Q18: OFF | R18: OFF | S18: OFF | T18: =IFERROR(MOD(S18-P18,1)-(R18-Q18),"") | U18: OFF | V18: OFF | W18: OFF | X18: OFF | Y18: =IFERROR(MOD(X18-U18,1)-(W18-V18),"") | Z18: 0.54166667 | AC18: 0.79166667 | AD18: =IFERROR(MOD(AC18-Z18,1)-(AB18-AA18),"") -> 0.25 | AE18: 0.66666667 | AH18: 0.91666667 | AI18: =IFERROR(MOD(AH18-AE18,1)-(AG18-AF18),"") -> 0.25 | AJ18: 0.66666667 | AM18: 0.91666667 | AN18: =IFERROR(MOD(AM18-AJ18,1)-(AL18-AK18),"") -> 0.25 | AO18: =SUM(J18,O18,T18,Y18,AD18,AI18,AN18) -> 1.0833333 | AR18: =COUNTIF(F18:AN18,"OFF")/4 -> 2
A19: BIYEM | B19: NGUELE MFOMO Jean Marie | C19: LOGONE | D19: SV | E19: BO | F19: OFF | G19: OFF | H19: OFF | I19: OFF | J19: =IFERROR(MOD(I19-F19,1)-(H19-G19),"") | K19: OFF | L19: OFF | M19: OFF | N19: OFF | O19: =IFERROR(MOD(N19-K19,1)-(M19-L19),"") | P19: 0.29166667 | S19: 0.54166667 | T19: =IFERROR(MOD(S19-P19,1)-(R19-Q19),"") -> 0.25 | U19: 0.29166667 | X19: 0.54166667 | Y19: =IFERROR(MOD(X19-U19,1)-(W19-V19),"") -> 0.25 | Z19: 0.625 | AC19: 0.875 | AD19: =IFERROR(MOD(AC19-Z19,1)-(AB19-AA19),"") -> 0.25 | AE19: 0.625 | AH19: 0.875 | AI19: =IFERROR(MOD(AH19-AE19,1)-(AG19-AF19),"") -> 0.25 | AJ19: 0.625 | AM19: 0.875 | AN19: =IFERROR(MOD(AM19-AJ19,1)-(AL19-AK19),"") -> 0.25 | AO19: =SUM(J19,O19,T19,Y19,AD19,AI19,AN19) -> 1.25 | AR19: =COUNTIF(F19:AN19,"OFF")/4 -> 2
A20: MIMBO | B20: NANGMO Didele | C20: LOGONE | D20: SH | E20: BO | F20: OFF | G20: OFF | H20: OFF | I20: OFF | J20: =IFERROR(MOD(I20-F20,1)-(H20-G20),"") | K20: OFF | L20: OFF | M20: OFF | N20: OFF | O20: =IFERROR(MOD(N20-K20,1)-(M20-L20),"") | P20: OFF | Q20: OFF | R20: OFF | S20: OFF | T20: =IFERROR(MOD(S20-P20,1)-(R20-Q20),"") | U20: 0.625 | X20: 0.875 | Y20: =IFERROR(MOD(X20-U20,1)-(W20-V20),"") -> 0.25 | Z20: 0.375 | AC20: 0.625 | AD20: =IFERROR(MOD(AC20-Z20,1)-(AB20-AA20),"") -> 0.25 | AE20: 0.625 | AH20: 0.875 | AI20: =IFERROR(MOD(AH20-AE20,1)-(AG20-AF20),"") -> 0.25 | AJ20: 0.625 | AM20: 0.875 | AN20: =IFERROR(MOD(AM20-AJ20,1)-(AL20-AK20),"") -> 0.25 | AO20: =SUM(J20,O20,T20,Y20,AD20,AI20,AN20) -> 1 | AR20: =COUNTIF(F20:AN20,"OFF")/4 -> 3
A21: CITEV | B21: HEUFA YVES STEPHANE | C21: LOGONE | D21: CS | E21: BO | F21: 0.29166667 | I21: 0.54166667 | J21: =IFERROR(MOD(I21-F21,1)-(H21-G21),"") -> 0.25 | K21: 0.29166667 | N21: 0.54166667 | O21: =IFERROR(MOD(N21-K21,1)-(M21-L21),"") -> 0.25 | P21: 0.29166667 | S21: 0.54166667 | T21: =IFERROR(MOD(S21-P21,1)-(R21-Q21),"") -> 0.25 | U21: 0.29166667 | X21: 0.54166667 | Y21: =IFERROR(MOD(X21-U21,1)-(W21-V21),"") -> 0.25 | Z21: OFF | AA21: OFF | AB21: OFF | AC21: OFF | AD21: =IFERROR(MOD(AC21-Z21,1)-(AB21-AA21),"") | AE21: OFF | AF21: OFF | AG21: OFF | AH21: OFF | AI21: =IFERROR(MOD(AH21-AE21,1)-(AG21-AF21),"") | AJ21: OFF | AK21: OFF | AL21: OFF | AM21: OFF | AN21: =IFERROR(MOD(AM21-AJ21,1)-(AL21-AK21),"") | AO21: =SUM(J21,O21,T21,Y21,AD21,AI21,AN21) -> 1 | AR21: =COUNTIF(F21:AN21,"OFF")/4 -> 3
A22: NKOAB | B22: BEUTCHOUANG Joseline | C22: LOGONE | D22: LW | E22: BO | F22: 0.625 | I22: 0.875 | J22: =IFERROR(MOD(I22-F22,1)-(H22-G22),"") -> 0.25 | K22: 0.625 | N22: 0.875 | O22: =IFERROR(MOD(N22-K22,1)-(M22-L22),"") -> 0.25 | P22: 0.625 | S22: 0.875 | T22: =IFERROR(MOD(S22-P22,1)-(R22-Q22),"") -> 0.25 | U22: 0.625 | X22: 0.875 | Y22: =IFERROR(MOD(X22-U22,1)-(W22-V22),"") -> 0.25 | Z22: OFF | AA22: OFF | AB22: OFF | AC22: OFF | AD22: =IFERROR(MOD(AC22-Z22,1)-(AB22-AA22),"") | AE22: OFF | AF22: OFF | AG22: OFF | AH22: OFF | AI22: =IFERROR(MOD(AH22-AE22,1)-(AG22-AF22),"") | AJ22: 0.625 | AM22: 0.875 | AN22: =IFERROR(MOD(AM22-AJ22,1)-(AL22-AK22),"") -> 0.25 | AO22: =SUM(J22,O22,T22,Y22,AD22,AI22,AN22) -> 1.25 | AR22: =COUNTIF(F22:AN22,"OFF")/4 -> 2
A23: AWAE | B23: BOE ARISTIDE | C23: LOGONE | D23: JT | E23: BO | F23: 0 | G23: 0.041666667 | H23: 0.125 | I23: 0.29166667 | J23: =IFERROR(MOD(I23-F23,1)-(H23-G23),"") -> 0.20833333 | K23: 0.875 | N23: 1 | O23: =IFERROR(MOD(N23-K23,1)-(M23-L23),"") -> 0.125 | P23: 0 | Q23: 0.29166667 | R23: 0.875 | S23: 1 | T23: 0.33333333 | U23: 0 | V23: 0.041666667 | W23: 0.125 | X23: 0.29166667 | Y23: =IFERROR(MOD(X23-U23,1)-(W23-V23),"") -> 0.20833333 | Z23: 0.875 | AC23: 1 | AD23: =IFERROR(MOD(AC23-Z23,1)-(AB23-AA23),"") -> 0.125 | AE23: 0 | AF23: 0.29166667 | AG23: 0.875 | AH23: 1 | AI23: 0.33333333 | AJ23: 0.875 | AM23: 1 | AN23: =IFERROR(MOD(AM23-AJ23,1)-(AL23-AK23),"") -> 0.125 | AO23: =SUM(J23,O23,T23,Y23,AD23,AI23,AN23) -> 1.4583333 | AR23: =COUNTIF(F23:AN23,"OFF")/4 -> 0
A24: SOA | B24: FONYE FABRICE | C24: LOGONE | D24: WF | E24: BO | F24: Refresh | G24: Refresh | H24: Refresh | I24: Refresh | J24: =IFERROR(MOD(I24-F24,1)-(H24-G24),"") | K24: 0.375 | N24: 0.625 | O24: =IFERROR(MOD(N24-K24,1)-(M24-L24),"") -> 0.25 | P24: 0.54166667 | S24: 0.79166667 | T24: =IFERROR(MOD(S24-P24,1)-(R24-Q24),"") -> 0.25 | U24: 0.54166667 | X24: 0.79166667 | Y24: =IFERROR(MOD(X24-U24,1)-(W24-V24),"") -> 0.25 | Z24: 0.625 | AC24: 0.875 | AD24: =IFERROR(MOD(AC24-Z24,1)-(AB24-AA24),"") -> 0.25 | AE24: OFF | AF24: OFF | AG24: OFF | AH24: OFF | AI24: =IFERROR(MOD(AH24-AE24,1)-(AG24-AF24),"") | AJ24: OFF | AK24: OFF | AL24: OFF | AM24: OFF | AN24: =IFERROR(MOD(AM24-AJ24,1)-(AL24-AK24),"") | AO24: =SUM(J24,O24,T24,Y24,AD24,AI24,AN24) -> 1 | AR24: =COUNTIF(F24:AN24,"OFF")/4 -> 2
A25: NGOUS | B25: MENGATA JUSTIN | C25: LOGONE | D25: YC | E25: BO | F25: 0.875 | I25: 1 | J25: =IFERROR(MOD(I25-F25,1)-(H25-G25),"") -> 0.125 | K25: 0 | L25: 0.041666667 | M25: 0.125 | N25: 0.29166667 | O25: =IFERROR(MOD(N25-K25,1)-(M25-L25),"") -> 0.20833333 | P25: OFF | Q25: OFF | R25: OFF | S25: OFF | T25: =IFERROR(MOD(S25-P25,1)-(R25-Q25),"") | U25: OFF | V25: OFF | W25: OFF | X25: OFF | Y25: =IFERROR(MOD(X25-U25,1)-(W25-V25),"") | Z25: 0.375 | AC25: 0.625 | AD25: =IFERROR(MOD(AC25-Z25,1)-(AB25-AA25),"") -> 0.25 | AE25: 0.66666667 | AH25: 0.91666667 | AI25: =IFERROR(MOD(AH25-AE25,1)-(AG25-AF25),"") -> 0.25 | AJ25: 0.66666667 | AM25: 0.91666667 | AN25: =IFERROR(MOD(AM25-AJ25,1)-(AL25-AK25),"") -> 0.25 | AO25: =SUM(J25,O25,T25,Y25,AD25,AI25,AN25) -> 1.0833333 | AR25: =COUNTIF(F25:AN25,"OFF")/4 -> 2
A26: LEBOU | B26: GNOUWE MOUAFO JOSELINE | C26: SANAGA | D26: GZ | E26: BO | F26: 0.54166667 | I26: 0.79166667 | J26: =IFERROR(MOD(I26-F26,1)-(H26-G26),"") -> 0.25 | K26: 0.29166667 | N26: 0.54166667 | O26: =IFERROR(MOD(N26-K26,1)-(M26-L26),"") -> 0.25 | P26: 0.29166667 | S26: 0.54166667 | T26: =IFERROR(MOD(S26-P26,1)-(R26-Q26),"") -> 0.25 | U26: 0.29166667 | X26: 0.54166667 | Y26: =IFERROR(MOD(X26-U26,1)-(W26-V26),"") -> 0.25 | Z26: 0.54166667 | AC26: 0.79166667 | AD26: =IFERROR(MOD(AC26-Z26,1)-(AB26-AA26),"") -> 0.25 | AE26: OFF | AF26: OFF | AG26: OFF | AH26: OFF | AI26: =IFERROR(MOD(AH26-AE26,1)-(AG26-AF26),"") | AJ26: OFF | AK26: OFF | AL26: OFF | AM26: OFF | AN26: =IFERROR(MOD(AM26-AJ26,1)-(AL26-AK26),"") | AO26: =SUM(J26,O26,T26,Y26,AD26,AI26,AN26) -> 1.25 | AR26: =COUNTIF(F26:AN26,"OFF")/4 -> 2
A27: ETOUG | B27: EPANGUE UMJOELLE | C27: SANAGA | D27: HY | E27: BO | F27: 0.29166667 | I27: 0.54166667 | J27: =IFERROR(MOD(I27-F27,1)-(H27-G27),"") -> 0.25 | K27: 0.29166667 | N27: 0.54166667 | O27: =IFERROR(MOD(N27-K27,1)-(M27-L27),"") -> 0.25 | P27: 0.29166667 | S27: 0.54166667 | T27: =IFERROR(MOD(S27-P27,1)-(R27-Q27),"") -> 0.25 | U27: 0.54166667 | X27: 0.79166667 | Y27: =IFERROR(MOD(X27-U27,1)-(W27-V27),"") -> 0.25 | Z27: 0.54166667 | AC27: 0.79166667 | AD27: =IFERROR(MOD(AC27-Z27,1)-(AB27-AA27),"") -> 0.25 | AE27: OFF | AF27: OFF | AG27: OFF | AH27: OFF | AI27: =IFERROR(MOD(AH27-AE27,1)-(AG27-AF27),"") | AJ27: OFF | AK27: OFF | AL27: OFF | AM27: OFF | AN27: =IFERROR(MOD(AM27-AJ27,1)-(AL27-AK27),"") | AO27: =SUM(J27,O27,T27,Y27,AD27,AI27,AN27) -> 1.25 | AR27: =COUNTIF(F27:AN27,"OFF")/4 -> 2
A28: NGOUS | B28: NGO BAYII BA SOUCK JACQUELINE FELICITE | C28: SANAGA | D28: ZJ | E28: BO | F28: 0.66666667 | I28: 0.875 | J28: =IFERROR(MOD(I28-F28,1)-(H28-G28),"") -> 0.20833333 | K28: 0.66666667 | N28: 0.875 | O28: =IFERROR(MOD(N28-K28,1)-(M28-L28),"") -> 0.20833333 | P28: 0.66666667 | S28: 0.875 | T28: =IFERROR(MOD(S28-P28,1)-(R28-Q28),"") -> 0.20833333 | U28: 0.66666667 | X28: 0.875 | Y28: =IFERROR(MOD(X28-U28,1)-(W28-V28),"") -> 0.20833333 | Z28: 0.66666667 | AC28: 0.875 | AD28: =IFERROR(MOD(AC28-Z28,1)-(AB28-AA28),"") -> 0.20833333 | AE28: OFF | AF28: OFF | AG28: OFF | AH28: OFF | AI28: =IFERROR(MOD(AH28-AE28,1)-(AG28-AF28),"") | AJ28: OFF | AK28: OFF | AL28: OFF | AM28: OFF | AN28: =IFERROR(MOD(AM28-AJ28,1)-(AL28-AK28),"") | AO28: =SUM(J28,O28,T28,Y28,AD28,AI28,AN28) -> 1.0416667 | AR28: =COUNTIF(F28:AN28,"OFF")/4 -> 2
A29: MVOGA | B29: BODJONDE BOBE CHRISTINE NENETTE | C29: SANAGA | D29: MC | E29: BO | F29: OFF | G29: OFF | H29: OFF | I29: OFF | J29: =IFERROR(MOD(I29-F29,1)-(H29-G29),"") | K29: 0.54166667 | N29: 0.79166667 | O29: =IFERROR(MOD(N29-K29,1)-(M29-L29),"") -> 0.25 | P29: 0.29166667 | S29: 0.54166667 | T29: =IFERROR(MOD(S29-P29,1)-(R29-Q29),"") -> 0.25 | U29: OFF | V29: OFF | W29: OFF | X29: OFF | Y29: =IFERROR(MOD(X29-U29,1)-(W29-V29),"") | Z29: OFF | AA29: OFF | AB29: OFF | AC29: OFF | AD29: =IFERROR(MOD(AC29-Z29,1)-(AB29-AA29),"") | AE29: 0.375 | AH29: 0.625 | AI29: =IFERROR(MOD(AH29-AE29,1)-(AG29-AF29),"") -> 0.25 | AJ29: 0.54166667 | AM29: 0.79166667 | AN29: =IFERROR(MOD(AM29-AJ29,1)-(AL29-AK29),"") -> 0.25 | AO29: =SUM(J29,O29,T29,Y29,AD29,AI29,AN29) -> 1 | AR29: =COUNTIF(F29:AN29,"OFF")/4 -> 3
A30: MIMBO | B30: MBESSITE, ROMAIN | C30: SANAGA | D30: XK | E30: BO | F30: 0 | G30: 0.041666667 | H30: 0.125 | I30: 0.29166667 | J30: =IFERROR(MOD(I30-F30,1)-(H30-G30),"") -> 0.20833333 | K30: 0.875 | N30: 1 | O30: =IFERROR(MOD(N30-K30,1)-(M30-L30),"") -> 0.125 | P30: 0 | Q30: 0.29166667 | R30: 0.875 | S30: 1 | T30: 0.33333333 | U30: 0 | V30: 0.041666667 | W30: 0.125 | X30: 0.29166667 | Y30: =IFERROR(MOD(X30-U30,1)-(W30-V30),"") -> 0.20833333 | Z30: 0.875 | AC30: 1 | AD30: =IFERROR(MOD(AC30-Z30,1)-(AB30-AA30),"") -> 0.125 | AE30: 0 | AF30: 0.29166667 | AG30: 0.875 | AH30: 1 | AI30: 0.33333333 | AJ30: 0.875 | AM30: 1 | AN30: =IFERROR(MOD(AM30-AJ30,1)-(AL30-AK30),"") -> 0.125 | AO30: =SUM(J30,O30,T30,Y30,AD30,AI30,AN30) -> 1.4583333 | AR30: =COUNTIF(F30:AN30,"OFF")/4 -> 0
A31: MVOGB | B31: TCHOUAMOU TCHOUDI Kailane | C31: SANAGA | D31: CD | E31: BO | F31: 0.54166667 | I31: 0.79166667 | J31: =IFERROR(MOD(I31-F31,1)-(H31-G31),"") -> 0.25 | K31: OFF | L31: OFF | M31: OFF | N31: OFF | O31: =IFERROR(MOD(N31-K31,1)-(M31-L31),"") | P31: OFF | Q31: OFF | R31: OFF | S31: OFF | T31: =IFERROR(MOD(S31-P31,1)-(R31-Q31),"") | U31: OFF | V31: OFF | W31: OFF | X31: OFF | Y31: =IFERROR(MOD(X31-U31,1)-(W31-V31),"") | Z31: 0.29166667 | AC31: 0.54166667 | AD31: =IFERROR(MOD(AC31-Z31,1)-(AB31-AA31),"") -> 0.25 | AE31: 0.54166667 | AH31: 0.79166667 | AI31: =IFERROR(MOD(AH31-AE31,1)-(AG31-AF31),"") -> 0.25 | AJ31: 0.54166667 | AM31: 0.79166667 | AN31: =IFERROR(MOD(AM31-AJ31,1)-(AL31-AK31),"") -> 0.25 | AO31: =SUM(J31,O31,T31,Y31,AD31,AI31,AN31) -> 1 | AR31: =COUNTIF(F31:AN31,"OFF")/4 -> 3
A32: MIMBO | B32: MATIP Christelle | C32: WHATSAPP | D32: HH | E32: MAIL | F32: OFF | G32: OFF | H32: OFF | I32: OFF | J32: =IFERROR(MOD(I32-F32,1)-(H32-G32),"") | K32: OFF | L32: OFF | M32: OFF | N32: OFF | O32: =IFERROR(MOD(N32-K32,1)-(M32-L32),"") | P32: 0.33333333 | Q32: 0.58333333 | R32: 0.625 | S32: 0.70833333 | T32: =IFERROR(MOD(S32-P32,1)-(R32-Q32),"") -> 0.33333333 | U32: 0.33333333 | V32: 0.58333333 | W32: 0.625 | X32: 0.70833333 | Y32: =IFERROR(MOD(X32-U32,1)-(W32-V32),"") -> 0.33333333 | Z32: 0.33333333 | AA32: 0.58333333 | AB32: 0.625 | AC32: 0.70833333 | AD32: =IFERROR(MOD(AC32-Z32,1)-(AB32-AA32),"") -> 0.33333333 | AE32: 0.33333333 | AF32: 0.58333333 | AG32: 0.625 | AH32: 0.70833333 | AI32: =IFERROR(MOD(AH32-AE32,1)-(AG32-AF32),"") -> 0.33333333 | AJ32: 0.33333333 | AK32: 0.58333333 | AL32: 0.625 | AM32: 0.70833333 | AN32: =IFERROR(MOD(AM32-AJ32,1)-(AL32-AK32),"") -> 0.33333333 | AO32: =SUM(J32,O32,T32,Y32,AD32,AI32,AN32) -> 1.6666667 | AR32: =COUNTIF(F32:AN32,"OFF")/4 -> 2
A33: MESSA6 | B33: TCHOUDJAM DJAMI MELODIE | C33: WHATSAPP | D33: PV | E33: BO | F33: OFF | G33: OFF | H33: OFF | I33: OFF | J33: =IFERROR(MOD(I33-F33,1)-(H33-G33),"") | K33: OFF | L33: OFF | M33: OFF | N33: OFF | O33: =IFERROR(MOD(N33-K33,1)-(M33-L33),"") | P33: OFF | Q33: OFF | R33: OFF | S33: OFF | T33: =IFERROR(MOD(S33-P33,1)-(R33-Q33),"") | U33: 0.375 | X33: 0.625 | Y33: =IFERROR(MOD(X33-U33,1)-(W33-V33),"") -> 0.25 | Z33: 0.33333333 | AC33: 0.58333333 | AD33: =IFERROR(MOD(AC33-Z33,1)-(AB33-AA33),"") -> 0.25 | AE33: 0.33333333 | AH33: 0.58333333 | AI33: =IFERROR(MOD(AH33-AE33,1)-(AG33-AF33),"") -> 0.25 | AJ33: 0.33333333 | AM33: 0.58333333 | AN33: =IFERROR(MOD(AM33-AJ33,1)-(AL33-AK33),"") -> 0.25 | AO33: =SUM(J33,O33,T33,Y33,AD33,AI33,AN33) -> 1 | AR33: =COUNTIF(F33:AN33,"OFF")/4 -> 3
A34: MENDO | B34: MBOUM NDENGUE ROSELINE CAROLE | C34: WHATSAPP | D34: BW | E34: MAIL | F34: Refresh | G34: Refresh | H34: Refresh | I34: Refresh | J34: =IFERROR(MOD(I34-F34,1)-(H34-G34),"") | K34: 0.375 | N34: 0.625 | O34: =IFERROR(MOD(N34-K34,1)-(M34-L34),"") -> 0.25 | P34: 0.375 | S34: 0.625 | T34: =IFERROR(MOD(S34-P34,1)-(R34-Q34),"") -> 0.25 | U34: 0.375 | X34: 0.625 | Y34: =IFERROR(MOD(X34-U34,1)-(W34-V34),"") -> 0.25 | Z34: 0.375 | AC34: 0.625 | AD34: =IFERROR(MOD(AC34-Z34,1)-(AB34-AA34),"") -> 0.25 | AE34: OFF | AF34: OFF | AG34: OFF | AH34: OFF | AI34: =IFERROR(MOD(AH34-AE34,1)-(AG34-AF34),"") | AJ34: OFF | AK34: OFF | AL34: OFF | AM34: OFF | AN34: =IFERROR(MOD(AM34-AJ34,1)-(AL34-AK34),"") | AO34: =SUM(J34,O34,T34,Y34,AD34,AI34,AN34) -> 1 | AR34: =COUNTIF(F34:AN34,"OFF")/4 -> 2
A35: ESSOS | B35: MUETEBI BOUBA DONALD | C35: WHATSAPP | D35: JQ | E35: MAIL | F35: 0.54166667 | I35: 0.79166667 | J35: =IFERROR(MOD(I35-F35,1)-(H35-G35),"") -> 0.25 | K35: 0.54166667 | N35: 0.79166667 | O35: =IFERROR(MOD(N35-K35,1)-(M35-L35),"") -> 0.25 | P35: 0.54166667 | S35: 0.79166667 | T35: =IFERROR(MOD(S35-P35,1)-(R35-Q35),"") -> 0.25 | U35: 0.54166667 | X35: 0.79166667 | Y35: =IFERROR(MOD(X35-U35,1)-(W35-V35),"") -> 0.25 | Z35: 0.54166667 | AC35: 0.79166667 | AD35: =IFERROR(MOD(AC35-Z35,1)-(AB35-AA35),"") -> 0.25 | AE35: OFF | AF35: OFF | AG35: OFF | AH35: OFF | AI35: =IFERROR(MOD(AH35-AE35,1)-(AG35-AF35),"") | AJ35: OFF | AK35: OFF | AL35: OFF | AM35: OFF | AN35: =IFERROR(MOD(AM35-AJ35,1)-(AL35-AK35),"") | AO35: =SUM(J35,O35,T35,Y35,AD35,AI35,AN35) -> 1.25 | AR35: =COUNTIF(F35:AN35,"OFF")/4 -> 2
A36: NKOLB | B36: NKODO NKO'O DANIELLA | C36: WHATSAPP | D36: RM | E36: MAIL | F36: OFF | G36: OFF | H36: OFF | I36: OFF | J36: =IFERROR(MOD(I36-F36,1)-(H36-G36),"") | K36: OFF | L36: OFF | M36: OFF | N36: OFF | O36: =IFERROR(MOD(N36-K36,1)-(M36-L36),"") | P36: 0.58333333 | S36: 0.83333333 | T36: =IFERROR(MOD(S36-P36,1)-(R36-Q36),"") -> 0.25 | U36: 0.58333333 | X36: 0.83333333 | Y36: =IFERROR(MOD(X36-U36,1)-(W36-V36),"") -> 0.25 | Z36: 0.58333333 | AC36: 0.83333333 | AD36: =IFERROR(MOD(AC36-Z36,1)-(AB36-AA36),"") -> 0.25 | AE36: 0.58333333 | AH36: 0.83333333 | AI36: =IFERROR(MOD(AH36-AE36,1)-(AG36-AF36),"") -> 0.25 | AJ36: OFF | AK36: OFF | AL36: OFF | AM36: OFF | AN36: =IFERROR(MOD(AM36-AJ36,1)-(AL36-AK36),"") | AO36: =SUM(J36,O36,T36,Y36,AD36,AI36,AN36) -> 1 | AR36: =COUNTIF(F36:AN36,"OFF")/4 -> 3
A37: NGOUS | B37: BAYEMI BA NDUGA LUC JOTHAN CLAUDE | C37: WHATSAPP | D37: SC | E37: MAIL | F37: 0.375 | I37: 0.625 | J37: =IFERROR(MOD(I37-F37,1)-(H37-G37),"") -> 0.25 | K37: 0.66666667 | N37: 0.91666667 | O37: =IFERROR(MOD(N37-K37,1)-(M37-L37),"") -> 0.25 | P37: OFF | Q37: OFF | R37: OFF | S37: OFF | T37: =IFERROR(MOD(S37-P37,1)-(R37-Q37),"") | U37: OFF | V37: OFF | W37: OFF | X37: OFF | Y37: =IFERROR(MOD(X37-U37,1)-(W37-V37),"") | Z37: 0.29166667 | AC37: 0.54166667 | AD37: =IFERROR(MOD(AC37-Z37,1)-(AB37-AA37),"") -> 0.25 | AE37: 0.29166667 | AH37: 0.54166667 | AI37: =IFERROR(MOD(AH37-AE37,1)-(AG37-AF37),"") -> 0.25 | AJ37: 0.29166667 | AM37: 0.54166667 | AN37: =IFERROR(MOD(AM37-AJ37,1)-(AL37-AK37),"") -> 0.25 | AO37: =SUM(J37,O37,T37,Y37,AD37,AI37,AN37) -> 1.25 | AR37: =COUNTIF(F37:AN37,"OFF")/4 -> 2
A38: SOA | B38: NOGHA PONDY Dylan | C38: WHATSAPP | D38: NC | E38: MAIL | F38: 0.66666667 | I38: 0.91666667 | J38: =IFERROR(MOD(I38-F38,1)-(H38-G38),"") -> 0.25 | K38: 0.66666667 | N38: 0.91666667 | O38: =IFERROR(MOD(N38-K38,1)-(M38-L38),"") -> 0.25 | P38: OFF | Q38: OFF | R38: OFF | S38: OFF | T38: =IFERROR(MOD(S38-P38,1)-(R38-Q38),"") | U38: OFF | V38: OFF | W38: OFF | X38: OFF | Y38: =IFERROR(MOD(X38-U38,1)-(W38-V38),"") | Z38: 0.66666667 | AC38: 0.91666667 | AD38: =IFERROR(MOD(AC38-Z38,1)-(AB38-AA38),"") -> 0.25 | AE38: 0.66666667 | AH38: 0.91666667 | AI38: =IFERROR(MOD(AH38-AE38,1)-(AG38-AF38),"") -> 0.25 | AJ38: 0.66666667 | AM38: 0.91666667 | AN38: =IFERROR(MOD(AM38-AJ38,1)-(AL38-AK38),"") -> 0.25 | AO38: =SUM(J38,O38,T38,Y38,AD38,AI38,AN38) -> 1.25 | AR38: =COUNTIF(F38:AN38,"OFF")/4 -> 2
B39: HANDY JANG DANIEL | C39: WOURI | D39: SM | E39: BO | F39: 0.66666667 | I39: 0.91666667 | J39: =IFERROR(MOD(I39-F39,1)-(H39-G39),"") -> 0.25 | K39: OFF | L39: OFF | M39: OFF | N39: OFF | O39: =IFERROR(MOD(N39-K39,1)-(M39-L39),"") | P39: OFF | Q39: OFF | R39: OFF | S39: OFF | T39: =IFERROR(MOD(S39-P39,1)-(R39-Q39),"") | U39: 0.29166667 | X39: 0.54166667 | Y39: =IFERROR(MOD(X39-U39,1)-(W39-V39),"") -> 0.25 | Z39: 0.29166667 | AC39: 0.54166667 | AD39: =IFERROR(MOD(AC39-Z39,1)-(AB39-AA39),"") -> 0.25 | AE39: 0.29166667 | AH39: 0.54166667 | AI39: =IFERROR(MOD(AH39-AE39,1)-(AG39-AF39),"") -> 0.25 | AJ39: 0.66666667 | AM39: 0.91666667 | AN39: =IFERROR(MOD(AM39-AJ39,1)-(AL39-AK39),"") -> 0.25 | AO39: =SUM(J39,O39,T39,Y39,AD39,AI39,AN39) -> 1.25 | AR39: =COUNTIF(F39:AN39,"OFF")/4 -> 2
A40: ESSOS | B40: NANGA BERNADETTE SANDRINE | C40: WOURI | D40: CQ | E40: BO | F40: OFF | G40: OFF | H40: OFF | I40: OFF | J40: =IFERROR(MOD(I40-F40,1)-(H40-G40),"") | K40: 0.29166667 | N40: 0.54166667 | O40: =IFERROR(MOD(N40-K40,1)-(M40-L40),"") -> 0.25 | P40: 0.29166667 | S40: 0.54166667 | T40: =IFERROR(MOD(S40-P40,1)-(R40-Q40),"") -> 0.25 | U40: 0.29166667 | X40: 0.54166667 | Y40: =IFERROR(MOD(X40-U40,1)-(W40-V40),"") -> 0.25 | Z40: 0.29166667 | AC40: 0.54166667 | AD40: =IFERROR(MOD(AC40-Z40,1)-(AB40-AA40),"") -> 0.25 | AE40: OFF | AF40: OFF | AG40: OFF | AH40: OFF | AI40: =IFERROR(MOD(AH40-AE40,1)-(AG40-AF40),"") | AJ40: OFF | AK40: OFF | AL40: OFF | AM40: OFF | AN40: =IFERROR(MOD(AM40-AJ40,1)-(AL40-AK40),"") | AO40: =SUM(J40,O40,T40,Y40,AD40,AI40,AN40) -> 1 | AR40: =COUNTIF(F40:AN40,"OFF")/4 -> 3
A41: EKOUN | B41: NZOYEM KENNE SALOME | C41: WOURI | D41: LR | E41: BO | F41: 0.29166667 | I41: 0.54166667 | J41: =IFERROR(MOD(I41-F41,1)-(H41-G41),"") -> 0.25 | K41: OFF | L41: OFF | M41: OFF | N41: OFF | O41: =IFERROR(MOD(N41-K41,1)-(M41-L41),"") | P41: OFF | Q41: OFF | R41: OFF | S41: OFF | T41: =IFERROR(MOD(S41-P41,1)-(R41-Q41),"") | U41: 0.29166667 | X41: 0.54166667 | Y41: =IFERROR(MOD(X41-U41,1)-(W41-V41),"") -> 0.25 | Z41: OFF | AA41: OFF | AB41: OFF | AC41: OFF | AD41: =IFERROR(MOD(AC41-Z41,1)-(AB41-AA41),"") | AE41: 0.29166667 | AH41: 0.54166667 | AI41: =IFERROR(MOD(AH41-AE41,1)-(AG41-AF41),"") -> 0.25 | AJ41: 0.29166667 | AM41: 0.54166667 | AN41: =IFERROR(MOD(AM41-AJ41,1)-(AL41-AK41),"") -> 0.25 | AO41: =SUM(J41,O41,T41,Y41,AD41,AI41,AN41) -> 1 | AR41: =COUNTIF(F41:AN41,"OFF")/4 -> 3
A42: BIYEM | B42: NYAME TCHANGNE JESSICA PATRICIA | C42: WOURI | D42: CM | E42: BO | F42: CM | G42: CM | H42: CM | I42: CM | J42: =IFERROR(MOD(I42-F42,1)-(H42-G42),"") | K42: CM | L42: CM | M42: CM | N42: CM | O42: =IFERROR(MOD(N42-K42,1)-(M42-L42),"") | P42: CM | Q42: CM | R42: CM | S42: CM | T42: =IFERROR(MOD(S42-P42,1)-(R42-Q42),"") | U42: CM | V42: CM | W42: CM | X42: CM | Y42: =IFERROR(MOD(X42-U42,1)-(W42-V42),"") | Z42: CM | AA42: CM | AB42: CM | AC42: CM | AD42: =IFERROR(MOD(AC42-Z42,1)-(AB42-AA42),"") | AE42: CM | AF42: CM | AG42: CM | AH42: CM | AI42: =IFERROR(MOD(AH42-AE42,1)-(AG42-AF42),"") | AJ42: CM | AK42: CM | AL42: CM | AM42: CM | AN42: =IFERROR(MOD(AM42-AJ42,1)-(AL42-AK42),"") | AO42: =SUM(J42,O42,T42,Y42,AD42,AI42,AN42) -> 0 | AR42: =COUNTIF(F42:AN42,"OFF")/4 -> 0
A43: ELEVE | B43: OUAWO DONGUE Mitérand | C43: WOURI | D43: SZ | E43: BO | F43: OFF | G43: OFF | H43: OFF | I43: OFF | J43: =IFERROR(MOD(I43-F43,1)-(H43-G43),"") | K43: 0.29166667 | N43: 0.54166667 | O43: =IFERROR(MOD(N43-K43,1)-(M43-L43),"") -> 0.25 | P43: 0.54166667 | S43: 0.79166667 | T43: =IFERROR(MOD(S43-P43,1)-(R43-Q43),"") -> 0.25 | U43: 0.66666667 | X43: 0.91666667 | Y43: =IFERROR(MOD(X43-U43,1)-(W43-V43),"") -> 0.25 | Z43: 0.66666667 | AC43: 0.91666667 | AD43: =IFERROR(MOD(AC43-Z43,1)-(AB43-AA43),"") -> 0.25 | AE43: 0.66666667 | AH43: 0.91666667 | AI43: =IFERROR(MOD(AH43-AE43,1)-(AG43-AF43),"") -> 0.25 | AJ43: OFF | AK43: OFF | AL43: OFF | AM43: OFF | AN43: =IFERROR(MOD(AM43-AJ43,1)-(AL43-AK43),"") | AO43: =SUM(J43,O43,T43,Y43,AD43,AI43,AN43) -> 1.25 | AR43: =COUNTIF(F43:AN43,"OFF")/4 -> 2
A44: ESSOS | B44: MASSANG AYANGMA Serge Kevin | C44: WOURI | D44: QC | E44: BO | F44: 0.54166667 | I44: 0.79166667 | J44: =IFERROR(MOD(I44-F44,1)-(H44-G44),"") -> 0.25 | K44: 0.54166667 | N44: 0.79166667 | O44: =IFERROR(MOD(N44-K44,1)-(M44-L44),"") -> 0.25 | P44: 0.54166667 | S44: 0.79166667 | T44: =IFERROR(MOD(S44-P44,1)-(R44-Q44),"") -> 0.25 | U44: OFF | V44: OFF | W44: OFF | X44: OFF | Y44: =IFERROR(MOD(X44-U44,1)-(W44-V44),"") | Z44: OFF | AA44: OFF | AB44: OFF | AC44: OFF | AD44: =IFERROR(MOD(AC44-Z44,1)-(AB44-AA44),"") | AE44: 0.54166667 | AH44: 0.79166667 | AI44: =IFERROR(MOD(AH44-AE44,1)-(AG44-AF44),"") -> 0.25 | AJ44: 0.54166667 | AM44: 0.79166667 | AN44: =IFERROR(MOD(AM44-AJ44,1)-(AL44-AK44),"") -> 0.25 | AO44: =SUM(J44,O44,T44,Y44,AD44,AI44,AN44) -> 1.25 | AR44: =COUNTIF(F44:AN44,"OFF")/4 -> 2
A45: EFOUL | B45: NOUPADJA KAMTE ANICK SARAH | C45: WOURI | D45: KB | E45: BO | F45: 0.29166667 | I45: 0.54166667 | J45: =IFERROR(MOD(I45-F45,1)-(H45-G45),"") -> 0.25 | K45: 0.375 | N45: 0.625 | O45: =IFERROR(MOD(N45-K45,1)-(M45-L45),"") -> 0.25 | P45: 0.54166667 | S45: 0.79166667 | T45: =IFERROR(MOD(S45-P45,1)-(R45-Q45),"") -> 0.25 | U45: OFF | V45: OFF | W45: OFF | X45: OFF | Y45: =IFERROR(MOD(X45-U45,1)-(W45-V45),"") | Z45: OFF | AA45: OFF | AB45: OFF | AC45: OFF | AD45: =IFERROR(MOD(AC45-Z45,1)-(AB45-AA45),"") | AE45: 0.29166667 | AH45: 0.54166667 | AI45: =IFERROR(MOD(AH45-AE45,1)-(AG45-AF45),"") -> 0.25 | AJ45: 0.29166667 | AM45: 0.54166667 | AN45: =IFERROR(MOD(AM45-AJ45,1)-(AL45-AK45),"") -> 0.25 | AO45: =SUM(J45,O45,T45,Y45,AD45,AI45,AN45) -> 1.25 | AR45: =COUNTIF(F45:AN45,"OFF")/4 -> 2
A46: EMANA | B46: TSIMI FABRICE | C46: WOURI | D46: NG | E46: BO | F46: 0.375 | I46: 0.625 | J46: =IFERROR(MOD(I46-F46,1)-(H46-G46),"") -> 0.25 | K46: 0.375 | N46: 0.625 | O46: =IFERROR(MOD(N46-K46,1)-(M46-L46),"") -> 0.25 | P46: OFF | Q46: OFF | R46: OFF | S46: OFF | T46: =IFERROR(MOD(S46-P46,1)-(R46-Q46),"") | U46: OFF | V46: OFF | W46: OFF | X46: OFF | Y46: =IFERROR(MOD(X46-U46,1)-(W46-V46),"") | Z46: OFF | AA46: OFF | AB46: OFF | AC46: OFF | AD46: =IFERROR(MOD(AC46-Z46,1)-(AB46-AA46),"") | AE46: 0.375 | AH46: 0.625 | AI46: =IFERROR(MOD(AH46-AE46,1)-(AG46-AF46),"") -> 0.25 | AJ46: 0.375 | AM46: 0.625 | AN46: =IFERROR(MOD(AM46-AJ46,1)-(AL46-AK46),"") -> 0.25 | AO46: =SUM(J46,O46,T46,Y46,AD46,AI46,AN46) -> 1 | AR46: =COUNTIF(F46:AN46,"OFF")/4 -> 3
A47: MVAN | AO47: =SUM(J47,O47,T47,Y47,AD47,AI47,AN47) -> 0 | AR47: =COUNTIF(F47:AN47,"OFF")/4 -> 0
A48: NSAM | AO48: =SUM(J48,O48,T48,Y48,AD48,AI48,AN48) -> 0 | AR48: =COUNTIF(F48:AN48,"OFF")/4 -> 0
A49: MVOGB | AO49: =SUM(J49,O49,T49,Y49,AD49,AI49,AN49) -> 0 | AR49: =COUNTIF(F49:AN49,"OFF")/4 -> 0
A50: MENDO | AO50: =SUM(J50,O50,T50,Y50,AD50,AI50,AN50) -> 0 | AR50: =COUNTIF(F50:AN50,"OFF")/4 -> 0
A51: EMANA | AO51: =SUM(J51,O51,T51,Y51,AD51,AI51,AN51) -> 0 | AR51: =COUNTIF(F51:AN51,"OFF")/4 -> 0
A52: BIYEM | AO52: =SUM(J52,O52,T52,Y52,AD52,AI52,AN52) -> 0 | AR52: =COUNTIF(F52:AN52,"OFF")/4 -> 0
A53: MVAN | AO53: =SUM(J53,O53,T53,Y53,AD53,AI53,AN53) -> 0 | AR53: =COUNTIF(F53:AN53,"OFF")/4 -> 0
AO54: =SUM(J54,O54,T54,Y54,AD54,AI54,AN54) -> 0
AO55: =SUM(J55,O55,T55,Y55,AD55,AI55,AN55) -> 0
AO56: =SUM(J56,O56,T56,Y56,AD56,AI56,AN56) -> 0
AO57: =SUM(J57,O57,T57,Y57,AD57,AI57,AN57) -> 0
AO58: =SUM(J58,O58,T58,Y58,AD58,AI58,AN58) -> 0
AO59: =SUM(J59,O59,T59,Y59,AD59,AI59,AN59) -> 0
AO60: =SUM(J60,O60,T60,Y60,AD60,AI60,AN60) -> 0
AO61: =SUM(J61,O61,T61,Y61,AD61,AI61,AN61) -> 0
AO62: =SUM(J62,O62,T62,Y62,AD62,AI62,AN62) -> 0
AO63: =SUM(J63,O63,T63,Y63,AD63,AI63,AN63) -> 0
AO64: =SUM(J64,O64,T64,Y64,AD64,AI64,AN64) -> 0
AO65: =SUM(J65,O65,T65,Y65,AD65,AI65,AN65) -> 0
... AO77: =SUM(J77,O77,T77,Y77,AD77,AI77,AN77) -> 0
B95: KYC | C95: =COUNTIF(D$4:D$38,B95) -> 0 | D95: 0.29166667 | E95: Matin | F95: =COUNTIF(F$4:F$88,$D95) -> 6 | K95: =COUNTIF(K$4:K$88,$D95) -> 7 | P95: =COUNTIF(P$4:P$88,$D95) -> 8 | U95: =COUNTIF(U$4:U$88,$D95) -> 8 | Z95: =COUNTIF(Z$4:Z$88,$D95) -> 4 | AE95: =COUNTIF(AE$4:AE$88,$D95) -> 5 | AJ95: =COUNTIF(AJ$4:AJ$88,$D95) -> 6
B96: MAJ | C96: =COUNTIF(D$4:D$38,B96) -> 0 | D96: 0.33333333 | E96: Matin | F96: =COUNTIF(F$4:F$88,$D96) -> 1 | G96: =SUM(F95:F97) -> 13 | K96: =COUNTIF(K$4:K$88,$D96) -> 1 | L96: =SUM(K95:K97) -> 15 | P96: =COUNTIF(P$4:P$88,$D96) -> 2 | Q96: =SUM(P95:P97) -> 15 | U96: =COUNTIF(U$4:U$88,$D96) -> 2 | V96: =SUM(U95:U97) -> 13 | Z96: =COUNTIF(Z$4:Z$88,$D96) -> 2 | AA96: =SUM(Z95:Z97) -> 12 | AE96: =COUNTIF(AE$4:AE$88,$D96) -> 2 | AF96: =SUM(AE95:AE97) -> 12 | AJ96: =COUNTIF(AJ$4:AJ$88,$D96) -> 2 | AK96: =SUM(AJ95:AJ97) -> 10
B97: ACQ | C97: =COUNTIF(D$4:D$38,B97) -> 0 | D97: 0.375 | E97: Matin | F97: =COUNTIF(F$4:F$88,$D97) -> 6 | K97: =COUNTIF(K$4:K$88,$D97) -> 7 | P97: =COUNTIF(P$4:P$88,$D97) -> 5 | U97: =COUNTIF(U$4:U$88,$D97) -> 3 | Z97: =COUNTIF(Z$4:Z$88,$D97) -> 6 | AE97: =COUNTIF(AE$4:AE$88,$D97) -> 5 | AJ97: =COUNTIF(AJ$4:AJ$88,$D97) -> 2
D98: 0.41666667 | E98: Interm | F98: =COUNTIF(F$4:F$88,$D98) -> 0 | K98: =COUNTIF(K$4:K$88,$D98) -> 0 | P98: =COUNTIF(P$4:P$88,$D98) -> 0 | U98: =COUNTIF(U$4:U$88,$D98) -> 0 | Z98: =COUNTIF(Z$4:Z$88,$D98) -> 0 | AE98: =COUNTIF(AE$4:AE$88,$D98) -> 0 | AJ98: =COUNTIF(AJ$4:AJ$88,$D98) -> 0
D99: 0.45833333 | E99: Soir | F99: =COUNTIF(F$4:F$88,$D99) -> 0 | G99: =SUM(F98:F101) -> 4 | K99: =COUNTIF(K$4:K$88,$D99) -> 0 | L99: =SUM(K98:K101) -> 5 | P99: =COUNTIF(P$4:P$88,$D99) -> 0 | Q99: =SUM(P98:P101) -> 7 | U99: =COUNTIF(U$4:U$88,$D99) -> 0 | V99: =SUM(U98:U101) -> 4 | Z99: =COUNTIF(Z$4:Z$88,$D99) -> 0 | AA99: =SUM(Z98:Z101) -> 4 | AE99: =COUNTIF(AE$4:AE$88,$D99) -> 0 | AF99: =SUM(AE98:AE101) -> 2 | AJ99: =COUNTIF(AJ$4:AJ$88,$D99) -> 0 | AK99: =SUM(AJ98:AJ101) -> 3
D100: 0.5 | E100: Soir | F100: =COUNTIF(F$4:F$88,$D100) -> 0 | K100: =COUNTIF(K$4:K$88,$D100) -> 0 | P100: =COUNTIF(P$4:P$88,$D100) -> 0 | U100: =COUNTIF(U$4:U$88,$D100) -> 0 | Z100: =COUNTIF(Z$4:Z$88,$D100) -> 0 | AE100: =COUNTIF(AE$4:AE$88,$D100) -> 0 | AJ100: =COUNTIF(AJ$4:AJ$88,$D100) -> 0
D101: 0.54166667 | E101: Soir | F101: =COUNTIF(F$4:F$88,$D101) -> 4 | K101: =COUNTIF(K$4:K$88,$D101) -> 5 | P101: =COUNTIF(P$4:P$88,$D101) -> 7 | U101: =COUNTIF(U$4:U$88,$D101) -> 4 | Z101: =COUNTIF(Z$4:Z$88,$D101) -> 4 | AE101: =COUNTIF(AE$4:AE$88,$D101) -> 2 | AJ101: =COUNTIF(AJ$4:AJ$88,$D101) -> 3
D102: 0.625 | E102: Soir | F102: =COUNTIF(F$4:F$88,$D102) -> 1 | K102: =COUNTIF(K$4:K$88,$D102) -> 2 | P102: =COUNTIF(P$4:P$88,$D102) -> 2 | U102: =COUNTIF(U$4:U$88,$D102) -> 4 | Z102: =COUNTIF(Z$4:Z$88,$D102) -> 4 | AE102: =COUNTIF(AE$4:AE$88,$D102) -> 2 | AJ102: =COUNTIF(AJ$4:AJ$88,$D102) -> 4
D103: 0.66666667 | E103: Soir | F103: =COUNTIF(F$4:F$88,$D103) -> 3 | G103: =SUM(F102:F104) -> 4 | K103: =COUNTIF(K$4:K$88,$D103) -> 4 | L103: =SUM(K102:K104) -> 6 | P103: =COUNTIF(P$4:P$88,$D103) -> 2 | Q103: =SUM(P102:P104) -> 4 | U103: =COUNTIF(U$4:U$88,$D103) -> 2 | V103: =SUM(U102:U104) -> 6 | Z103: =COUNTIF(Z$4:Z$88,$D103) -> 4 | AA103: =SUM(Z102:Z104) -> 8 | AE103: =COUNTIF(AE$4:AE$88,$D103) -> 4 | AF103: =SUM(AE102:AE104) -> 6 | AJ103: =COUNTIF(AJ$4:AJ$88,$D103) -> 4 | AK103: =SUM(AJ102:AJ104) -> 8
D104: 0.70833333 | E104: Soir | F104: =COUNTIF(F$4:F$88,$D104) -> 0 | K104: =COUNTIF(K$4:K$88,$D104) -> 0 | P104: =COUNTIF(P$4:P$88,$D104) -> 0 | U104: =COUNTIF(U$4:U$88,$D104) -> 0 | Z104: =COUNTIF(Z$4:Z$88,$D104) -> 0 | AE104: =COUNTIF(AE$4:AE$88,$D104) -> 0 | AJ104: =COUNTIF(AJ$4:AJ$88,$D104) -> 0
B105: =AVERAGE(F105:AJ105) -> 13.428571 | D105: OFF | E105: OFF | F105: =COUNTIF(F$4:F$88,$D105) -> 13 | K105: =COUNTIF(K$4:K$88,$D105) -> 10 | P105: =COUNTIF(P$4:P$88,$D105) -> 11 | U105: =COUNTIF(U$4:U$88,$D105) -> 12 | Z105: =COUNTIF(Z$4:Z$88,$D105) -> 12 | AE105: =COUNTIF(AE$4:AE$88,$D105) -> 18 | AJ105: =COUNTIF(AJ$4:AJ$88,$D105) -> 18
B106: =AVERAGE(F106:AJ106) -> 1.0769231 | D106: 0.875 | E106: NUIT | F106: =COUNTIF(F$4:F$88,$D106) -> 2 | G106: =COUNTIF(H$4:H$88,$D106) -> 0 | K106: =COUNTIF(K$4:K$88,$D106) -> 2 | L106: =COUNTIF(M$4:M$88,$D106) -> 0 | P106: =COUNTIF(P$4:P$88,$D106) -> 0 | Q106: =COUNTIF(R$4:R$88,$D106) -> 2 | U106: =COUNTIF(U$4:U$88,$D106) -> 2 | V106: =COUNTIF(W$4:W$88,$D106) -> 0 | Z106: =COUNTIF(Z$4:Z$88,$D106) -> 2 | AA106: =COUNTIF(AB$4:AB$88,$D106) -> 0 | AE106: =COUNTIF(AE$4:AE$88,$D106) -> 0 | AF106: =COUNTIF(AG$4:AG$88,$D106) -> 2 | AJ106: =COUNTIF(AJ$4:AJ$88,$D106) -> 2 | AK106: =COUNTIF(AL$4:AL$88,$D106) -> 0
B107: =AVERAGE(F107:AJ107) -> 23.333333 | G107: =SUM(G95:G105) -> 21 | L107: =SUM(L95:L105) -> 26 | Q107: =SUM(Q95:Q105) -> 26 | V107: =SUM(V95:V105) -> 23 | AA107: =SUM(AA95:AA105) -> 24 | AF107: =SUM(AF95:AF105) -> 20 | AK107: =SUM(AK95:AK105) -> 21
B131: =J2 -> 5.9583333
B132: =O2 -> 7.2083333
B133: =T2 -> 7.625
B134: =Y2 -> 7.0833333
B135: =AD2 -> 6.75
B136: =AI2 -> 5.8333333
B137: =AN2 -> 5.5
B140: 13.791667
B141: 14.916667
B142: 14.333333
B143: 14.833333
B144: 10.958333
B145: 9.7083333
B146: 13.583333
C249: MAIL | D249: LUNDI | E249: MARDI | F249: MERCREDI | G249: JEUDI | H249: VENDREDI | I249: SAMEDI | J249: DIMANCHE
B250: Congés annuels | C250: CA | D250: =COUNTIFS($E$4:$E$191,$C$249,F$4:F$191,$C250) -> 0 | E250: =COUNTIFS($E$4:$E$191,$C$249,K$4:K$191,$C250) -> 0 | F250: =COUNTIFS($E$4:$E$191,$C$249,P$4:P$191,$C250) -> 0 | G250: =COUNTIFS($E$4:$E$191,$C$249,I$4:I$191,$C250) -> 0 | H250: =COUNTIFS($E$4:$E$191,$C$249,U$4:U$191,$C250) -> 0 | I250: =COUNTIFS($E$4:$E$191,$C$249,AE$4:AE$191,$C250) -> 0 | J250: =COUNTIFS($E$4:$E$191,$C$249,AJ$4:AJ$191,$C250) -> 0
B251: Congé de Maternité | C251: CM | D251: =COUNTIFS($E$4:$E$191,$C$249,F$4:F$191,$C251) -> 0 | E251: =COUNTIFS($E$4:$E$191,$C$249,K$4:K$191,$C251) -> 0 | F251: =COUNTIFS($E$4:$E$191,$C$249,P$4:P$191,$C251) -> 0 | G251: =COUNTIFS($E$4:$E$191,$C$249,I$4:I$191,$C251) -> 0 | H251: =COUNTIFS($E$4:$E$191,$C$249,U$4:U$191,$C251) -> 0 | I251: =COUNTIFS($E$4:$E$191,$C$249,AE$4:AE$191,$C251) -> 0 | J251: =COUNTIFS($E$4:$E$191,$C$249,AJ$4:AJ$191,$C251) -> 0
B252: Heure de Tété | C252: TT | D252: =--COUNTIFS(F4:F191,$L$252,$C4:$C191,$C252,$E4:$E191,$C249)*$K252 -> 0 | E252: =--COUNTIFS(K4:K191,$L$252,$C4:$C191,$C252,$E4:$E191,$C249)*$K252 -> 0 | F252: =--COUNTIFS(P4:P191,$L$252,$C4:$C191,$C252,$E4:$E191,$C249)*$K252 -> 0 | G252: =--COUNTIFS(U4:U191,$L$252,$C4:$C191,$C252,$E4:$E191,$C249)*$K252 -> 0 | H252: =--COUNTIFS(Z4:Z191,$L$252,$C4:$C191,$C252,$E4:$E191,$C249)*$K252 -> 0 | I252: =--COUNTIFS(AE4:AE191,$L$252,$C4:$C191,$C252,$E4:$E191,$C249)*$K252 -> 0 | J252: =--COUNTIFS(AJ4:AJ191,$L$252,$C4:$C191,$C252,$E4:$E191,$C249)*$K252 -> 0 | K252: 0.041666667 | L252: >0
B253: Repos Hebdo | C253: OFF | D253: =COUNTIFS($E$4:$E$191,$C$249,F$4:F$191,$C253) -> 2 | E253: =COUNTIFS($E$4:$E$191,$C$249,K$4:K$191,$C253) -> 2 | F253: =COUNTIFS($E$4:$E$191,$C$249,P$4:P$191,$C253) -> 3 | G253: =COUNTIFS($E$4:$E$191,$C$249,I$4:I$191,$C253) -> 2 | H253: =COUNTIFS($E$4:$E$191,$C$249,U$4:U$191,$C253) -> 3 | I253: =COUNTIFS($E$4:$E$191,$C$249,AE$4:AE$191,$C253) -> 2 | J253: =COUNTIFS($E$4:$E$191,$C$249,AJ$4:AJ$191,$C253) -> 3
B254: Formation planifiée
B255: Pauses
...

Sheet CBC 
B1: ="S"&_xlfn.ISOWEEKNUM(F1) -> S20 | F1: ='S&E'!H3 -> 46153 | K1: =F1+1 -> 46154 | P1: =K1+1 -> 46155 | U1: =P1+1 -> 46156 | Z1: =U1+1 -> 46157 | AE1: =Z1+1 -> 46158 | AJ1: =AE1+1 -> 46159 | BQ1: :
A2: localité | B2: Agents | C2: Perf | F2: Total jour | G2: =J2/"8:" -> 5 | H2: =J2/$AO$2 -> 0.16666667 | I2: : | J2: =SUM(J4:J29) -> 1.6666667 | K2: Total jour | L2: =O2/"8:" -> 5 | M2: =O2/$AO$2 -> 0.16666667 | N2: Heures | O2: =SUM(O4:O29) -> 1.6666667 | P2: Total jour | Q2: =T2/"8:" -> 4 | R2: =T2/$AO$2 -> 0.13333333 | S2: Heures | T2: =SUM(T4:T29) -> 1.3333333 | U2: Total jour | V2: =Y2/"8:" -> 4 | W2: =Y2/$AO$2 -> 0.13333333 | X2: Heures | Y2: =SUM(Y4:Y29) -> 1.3333333 | Z2: Total jour | AA2: =AD2/"8:" -> 4 | AB2: =AD2/$AO$2 -> 0.13333333 | AC2: Heures | AD2: =SUM(AD4:AD29) -> 1.3333333 | AE2: Total jour | AF2: =AI2/"8:" -> 4 | AG2: =AI2/$AO$2 -> 0.13333333 | AH2: Heures | AI2: =SUM(AI4:AI29) -> 1.3333333 | AJ2: Total jour | AK2: =AN2/"8:" -> 4 | AL2: =AN2/$AO$2 -> 0.13333333 | AM2: Heures | AN2: =SUM(AN4:AN29) -> 1.3333333 | AO2: =SUM(AO4:AO29) -> 10 | AP2: formation/réunion équipe | AT2: 1.6666667
F3: Début | G3: Pause | I3: Fin | J3: Total | K3: Début | L3: Pause | N3: Fin | O3: Total | P3: Début | Q3: Pause | S3: Fin | T3: Total | U3: Début | V3: Pause | X3: Fin | Y3: Total | Z3: Début | AA3: Pause | AC3: Fin | AD3: Total | AE3: Début | AF3: Pause | AH3: Fin | AI3: Total | AJ3: Début | AK3: Pause | AM3: Fin | AN3: Total
A4: DAMAS | B4: KOUATCHA, BEKHY | C4: 1 | D4: CBC | F4: CA | G4: CA | H4: CA | I4: CA | J4: =IFERROR(MOD(I4-F4,1)-(H4-G4),"") | K4: CA | L4: CA | M4: CA | N4: CA | O4: =IFERROR(MOD(N4-K4,1)-(M4-L4),"") | P4: CA | Q4: CA | R4: CA | S4: CA | T4: =IFERROR(MOD(S4-P4,1)-(R4-Q4),"") | U4: CA | V4: CA | W4: CA | X4: CA | Y4: =IFERROR(MOD(X4-U4,1)-(W4-V4),"") | Z4: CA | AA4: CA | AB4: CA | AC4: CA | AD4: =IFERROR(MOD(AC4-Z4,1)-(AB4-AA4),"") | AE4: CA | AF4: CA | AG4: CA | AH4: CA | AI4: =IFERROR(MOD(AH4-AE4,1)-(AG4-AF4),"") | AJ4: CA | AK4: CA | AL4: CA | AM4: CA | AN4: =IFERROR(MOD(AM4-AJ4,1)-(AL4-AK4),"") | AO4: =SUM(J4,O4,T4,Y4,AD4,AI4,AN4) -> 0 | AQ4: =IF(AO4>$AO$2, "Alerte Dépassement!!!","")
A5: TONGO | B5: SOUADIO, Aichatou | C5: 31 | D5: CBC | F5: 0.5 | G5: 0.625 | H5: 0.66666667 | I5: 0.875 | J5: =IFERROR(MOD(I5-F5,1)-(H5-G5),"") -> 0.33333333 | K5: 0.875 | N5: 1 | O5: =IFERROR(MOD(N5-K5,1)-(M5-L5),"") -> 0.125 | P5: 1 | Q5: 0.083333333 | R5: 0.16666667 | S5: 0.29166667 | T5: =IFERROR(MOD(S5-P5,1)-(R5-Q5),"") -> 0.20833333 | U5: OFF | V5: OFF | W5: OFF | X5: OFF | Y5: =IFERROR(MOD(X5-U5,1)-(W5-V5),"") | Z5: 0.29166667 | AA5: 0.5 | AB5: 0.54166667 | AC5: 0.66666667 | AD5: =IFERROR(MOD(AC5-Z5,1)-(AB5-AA5),"") -> 0.33333333 | AE5: 0.35416667 | AF5: 0.54166667 | AG5: 0.58333333 | AH5: 0.72916667 | AI5: =IFERROR(MOD(AH5-AE5,1)-(AG5-AF5),"") -> 0.33333333 | AJ5: 0.5 | AK5: 0.625 | AL5: 0.66666667 | AM5: 0.875 | AN5: =IFERROR(MOD(AM5-AJ5,1)-(AL5-AK5),"") -> 0.33333333 | AO5: =SUM(J5,O5,T5,Y5,AD5,AI5,AN5) -> 1.6666667 | AQ5: =IF(AO5>$AO$2, "Alerte Dépassement!!!","")
A6: OYOMA | B6: Fadimatou MFONZIE | C6: 1 | D6: CBC | F6: 0.35416667 | G6: 0.54166667 | H6: 0.58333333 | I6: 0.72916667 | J6: 0.33333333 | K6: 0.5 | L6: 0.625 | M6: 0.66666667 | N6: 0.875 | O6: =IFERROR(MOD(N6-K6,1)-(M6-L6),"") -> 0.33333333 | P6: 0.5 | Q6: 0.625 | R6: 0.66666667 | S6: 0.875 | T6: =IFERROR(MOD(S6-P6,1)-(R6-Q6),"") -> 0.33333333 | U6: 0.875 | X6: 1 | Y6: =IFERROR(MOD(X6-U6,1)-(W6-V6),"") -> 0.125 | Z6: 1 | AA6: 0.041666667 | AB6: 0.125 | AC6: 0.29166667 | AD6: =IFERROR(MOD(AC6-Z6,1)-(AB6-AA6),"") -> 0.20833333 | AE6: OFF | AF6: OFF | AG6: OFF | AH6: OFF | AI6: =IFERROR(MOD(AH6-AE6,1)-(AG6-AF6),"") | AJ6: 0.29166667 | AK6: 0.5 | AL6: 0.54166667 | AM6: 0.66666667 | AN6: =IFERROR(MOD(AM6-AJ6,1)-(AL6-AK6),"") -> 0.33333333 | AO6: =SUM(J6,O6,T6,Y6,AD6,AI6,AN6) -> 1.6666667
A7: ESSOS | B7: KEUBOU, Belviane | C7: 31 | D7: CBC | F7: 0.5 | G7: 0.625 | H7: 0.66666667 | I7: 0.875 | J7: =IFERROR(MOD(I7-F7,1)-(H7-G7),"") -> 0.33333333 | K7: 0.5 | L7: 0.625 | M7: 0.66666667 | N7: 0.875 | O7: =IFERROR(MOD(N7-K7,1)-(M7-L7),"") -> 0.33333333 | P7: 0.875 | S7: 1 | T7: =IFERROR(MOD(S7-P7,1)-(R7-Q7),"") -> 0.125 | U7: 1 | V7: 0.041666667 | W7: 0.125 | X7: 0.29166667 | Y7: =IFERROR(MOD(X7-U7,1)-(W7-V7),"") -> 0.20833333 | Z7: OFF | AA7: OFF | AB7: OFF | AC7: OFF | AD7: =IFERROR(MOD(AC7-Z7,1)-(AB7-AA7),"") | AE7: 0.29166667 | AF7: 0.5 | AG7: 0.54166667 | AH7: 0.66666667 | AI7: =IFERROR(MOD(AH7-AE7,1)-(AG7-AF7),"") -> 0.33333333 | AJ7: 0.35416667 | AK7: 0.54166667 | AL7: 0.58333333 | AM7: 0.72916667 | AN7: =IFERROR(MOD(AM7-AJ7,1)-(AL7-AK7),"") -> 0.33333333 | AO7: =SUM(J7,O7,T7,Y7,AD7,AI7,AN7) -> 1.6666667
A8: NGOUS | B8: DJUNE, ESTELLE | C8: 25 | D8: CBC | F8: 0.29166667 | G8: 0.5 | H8: 0.54166667 | I8: 0.66666667 | J8: =IFERROR(MOD(I8-F8,1)-(H8-G8),"") -> 0.33333333 | K8: 0.35416667 | L8: 0.54166667 | M8: 0.58333333 | N8: 0.72916667 | O8: 0.33333333 | P8: 0.29166667 | Q8: 0.5 | R8: 0.54166667 | S8: 0.66666667 | T8: =IFERROR(MOD(S8-P8,1)-(R8-Q8),"") -> 0.33333333 | U8: 0.5 | V8: 0.625 | W8: 0.66666667 | X8: 0.875 | Y8: =IFERROR(MOD(X8-U8,1)-(W8-V8),"") -> 0.33333333 | Z8: 0.875 | AC8: 1 | AD8: =IFERROR(MOD(AC8-Z8,1)-(AB8-AA8),"") -> 0.125 | AE8: 1 | AF8: 0.041666667 | AG8: 0.125 | AH8: 0.29166667 | AI8: =IFERROR(MOD(AH8-AE8,1)-(AG8-AF8),"") -> 0.20833333 | AJ8: OFF | AK8: OFF | AL8: OFF | AM8: OFF | AN8: =IFERROR(MOD(AM8-AJ8,1)-(AL8-AK8),"") | AO8: =SUM(J8,O8,T8,Y8,AD8,AI8,AN8) -> 1.6666667
A9: EKIE | B9: Kalla Mbappe, Martine Nadia Laure | C9: 1 | D9: CBC | E9: AS | F9: 1 | G9: 0.083333333 | H9: 0.16666667 | I9: 0.29166667 | J9: =IFERROR(MOD(I9-F9,1)-(H9-G9),"") -> 0.20833333 | K9: 0.29166667 | L9: 0.5 | M9: 0.54166667 | N9: 0.66666667 | O9: =IFERROR(MOD(N9-K9,1)-(M9-L9),"") -> 0.33333333 | P9: 0.35416667 | Q9: 0.54166667 | R9: 0.58333333 | S9: 0.72916667 | T9: 0.33333333 | U9: 0.35416667 | V9: 0.54166667 | W9: 0.58333333 | X9: 0.72916667 | Y9: 0.33333333 | Z9: 0.5 | AA9: 0.625 | AB9: 0.66666667 | AC9: 0.875 | AD9: =IFERROR(MOD(AC9-Z9,1)-(AB9-AA9),"") -> 0.33333333 | AE9: 0.875 | AH9: 1 | AI9: =IFERROR(MOD(AH9-AE9,1)-(AG9-AF9),"") -> 0.125 | AJ9: 1 | AK9: 0.083333333 | AL9: 0.16666667 | AM9: 0.29166667 | AN9: =IFERROR(MOD(AM9-AJ9,1)-(AL9-AK9),"") -> 0.20833333 | AO9: =SUM(J9,O9,T9,Y9,AD9,AI9,AN9) -> 1.875
B10: NGO KONA, Sariette Prisca | D10: CBC | E10: AS | F10: 0.875 | I10: 1 | J10: =IFERROR(MOD(I10-F10,1)-(H10-G10),"") -> 0.125 | K10: 1 | L10: 0.041666667 | M10: 0.125 | N10: 0.29166667 | O10: =IFERROR(MOD(N10-K10,1)-(M10-L10),"") -> 0.20833333 | P10: OFF | Q10: OFF | R10: OFF | S10: OFF | T10: =IFERROR(MOD(S10-P10,1)-(R10-Q10),"") | U10: 0.29166667 | V10: 0.5 | W10: 0.54166667 | X10: 0.66666667 | Y10: =IFERROR(MOD(X10-U10,1)-(W10-V10),"") -> 0.33333333 | Z10: 0.35416667 | AA10: 0.54166667 | AB10: 0.58333333 | AC10: 0.72916667 | AD10: =IFERROR(MOD(AC10-Z10,1)-(AB10-AA10),"") -> 0.33333333 | AE10: 0.5 | AF10: 0.625 | AG10: 0.66666667 | AH10: 0.875 | AI10: =IFERROR(MOD(AH10-AE10,1)-(AG10-AF10),"") -> 0.33333333 | AJ10: 0.875 | AM10: 1 | AN10: =IFERROR(MOD(AM10-AJ10,1)-(AL10-AK10),"") -> 0.125 | AO10: =SUM(J10,O10,T10,Y10,AD10,AI10,AN10) -> 1.4583333
B14: MULTICAMPAGNES
E15: 0.29166667 | F15: =COUNTIF(F$4:F$13,$E15) -> 1 | K15: =COUNTIF(K$4:K$13,$E15) -> 1 | P15: =COUNTIF(P$4:P$13,$E15) -> 1 | U15: =COUNTIF(U$4:U$13,$E15) -> 1 | Z15: =COUNTIF(Z$4:Z$13,$E15) -> 1 | AE15: =COUNTIF(AE$4:AE$13,$E15) -> 1 | AJ15: =COUNTIF(AJ$4:AJ$13,$E15) -> 1
E16: 0.35416667 | F16: =COUNTIF(F$4:F$13,$E16) -> 1 | K16: =COUNTIF(K$4:K$13,$E16) -> 1 | P16: =COUNTIF(P$4:P$13,$E16) -> 1 | U16: =COUNTIF(U$4:U$13,$E16) -> 1 | Z16: =COUNTIF(Z$4:Z$13,$E16) -> 1 | AE16: =COUNTIF(AE$4:AE$13,$E16) -> 1 | AJ16: =COUNTIF(AJ$4:AJ$13,$E16) -> 1
E17: 0.375 | F17: =COUNTIF(F$4:F$13,$E17) -> 0 | K17: =COUNTIF(K$4:K$13,$E17) -> 0 | P17: =COUNTIF(P$4:P$13,$E17) -> 0 | U17: =COUNTIF(U$4:U$13,$E17) -> 0 | Z17: =COUNTIF(Z$4:Z$13,$E17) -> 0 | AE17: =COUNTIF(AE$4:AE$13,$E17) -> 0 | AJ17: =COUNTIF(AJ$4:AJ$13,$E17) -> 0
E18: 0.41666667 | F18: =COUNTIF(F$4:F$13,$E18) -> 0 | K18: =COUNTIF(K$4:K$13,$E18) -> 0 | P18: =COUNTIF(P$4:P$13,$E18) -> 0 | U18: =COUNTIF(U$4:U$13,$E18) -> 0 | Z18: =COUNTIF(Z$4:Z$13,$E18) -> 0 | AE18: =COUNTIF(AE$4:AE$13,$E18) -> 0 | AJ18: =COUNTIF(AJ$4:AJ$13,$E18) -> 0
E19: 0.5 | F19: =COUNTIF(F$4:F$13,$E19) -> 2 | K19: =COUNTIF(K$4:K$13,$E19) -> 2 | P19: =COUNTIF(P$4:P$13,$E19) -> 1 | U19: =COUNTIF(U$4:U$13,$E19) -> 1 | Z19: =COUNTIF(Z$4:Z$13,$E19) -> 1 | AE19: =COUNTIF(AE$4:AE$13,$E19) -> 1 | AJ19: =COUNTIF(AJ$4:AJ$13,$E19) -> 1
E20: 0.79166667 | F20: =COUNTIF(F$4:F$13,$E20) -> 0 | K20: =COUNTIF(K$4:K$13,$E20) -> 0 | P20: =COUNTIF(P$4:P$13,$E20) -> 0 | U20: =COUNTIF(U$4:U$13,$E20) -> 0 | Z20: =COUNTIF(Z$4:Z$13,$E20) -> 0 | AE20: =COUNTIF(AE$4:AE$13,$E20) -> 0 | AJ20: =COUNTIF(AJ$4:AJ$13,$E20) -> 0
E21: 0.875 | F21: =COUNTIF(F$4:F$13,$E21) -> 1 | G21: =COUNTIF(H$4:H$13,$E21) -> 0 | K21: =COUNTIF(K$4:K$13,$E21) -> 1 | L21: =COUNTIF(M$4:M$13,$E21) -> 0 | P21: =COUNTIF(P$4:P$13,$E21) -> 1 | Q21: =COUNTIF(R$4:R$13,$E21) -> 0 | U21: =COUNTIF(U$4:U$13,$E21) -> 1 | V21: =COUNTIF(W$4:W$13,$E21) -> 0 | Z21: =COUNTIF(Z$4:Z$13,$E21) -> 1 | AA21: =COUNTIF(AB$4:AB$13,$E21) -> 0 | AE21: =COUNTIF(AE$4:AE$13,$E21) -> 1 | AF21: =COUNTIF(AG$4:AG$13,$E21) -> 0 | AJ21: =COUNTIF(AJ$4:AJ$13,$E21) -> 1 | AK21: =COUNTIF(AL$4:AL$13,$E21) -> 0
B22: AUTRES CAMPAGNES
E23: matin | F23: =F15+F17+F16 -> 2 | K23: =K15+K17+K16 -> 2 | P23: =P15+P17+P16 -> 2 | U23: =U15+U17+U16 -> 2 | Z23: =Z15+Z17+Z16 -> 2 | AE23: =AE15+AE17+AE16 -> 2 | AJ23: =AJ15+AJ17+AJ16 -> 2
E24: Soir | F24: =F18+F19 -> 2 | K24: =K18+K19 -> 2 | P24: =P18+P19 -> 1 | U24: =U18+U19 -> 1 | Z24: =Z18+Z19 -> 1 | AE24: =AE18+AE19 -> 1 | AJ24: =AJ18+AJ19 -> 1
E25: Nuit | F25: =F20+F21+G21 -> 1 | K25: =K20+K21+L21 -> 1 | P25: =P20+P21+Q21 -> 1 | U25: =U20+U21+V21 -> 1 | Z25: =Z20+Z21+AA21 -> 1 | AE25: =AE20+AE21+AF21 -> 1 | AJ25: =AJ20+AJ21+AK21 -> 1
E157: Hplan | F157: =SUMIF($D4:$D149,$D$158,J4:J149) -> 1.6666667 | G157: =SUMIF($D4:$D149,$D$158,O4:O149) -> 1.6666667 | H157: =SUMIF($D4:$D149,$D$158,T4:T149) -> 1.3333333 | I157: =SUMIF($D4:$D149,$D$158,Y4:Y149) -> 1.3333333 | J157: =SUMIF($D4:$D149,$D$158,AD4:AD149) -> 1.3333333 | K157: =SUMIF($D4:$D149,$D$158,AI4:AI149) -> 1.3333333 | L157: =SUMIF($D4:$D149,$D$158,AN4:AN149) -> 1.3333333
D158: CBC | E158: OFF | F158: =COUNTIFS(F4:F149,$E$158,$D4:$D149,$D$158) -> 0 | G158: =COUNTIFS(K4:K149,$E$158,$D4:$D149,$D$158) -> 0 | H158: =COUNTIFS(P4:P149,$E$158,$D4:$D149,$D$158) -> 1 | I158: =COUNTIFS(U4:U149,$E$158,$D4:$D149,$D$158) -> 1 | J158: =COUNTIFS(Z4:Z149,$E$158,$D4:$D149,$D$158) -> 1 | K158: =COUNTIFS(AE4:AE149,$E$158,$D4:$D149,$D$158) -> 1 | L158: =COUNTIFS(AJ4:AJ149,$E$158,$D4:$D149,$D$158) -> 1
E159: NB | F159: =COUNTIF(D4:D149,$D$158) -> 7 | G159: =F159 -> 7 | H159: =G159 -> 7 | I159: =H159 -> 7 | J159: =I159 -> 7 | K159: =J159 -> 7 | L159: =K159 -> 7
E160: CM | F160: =COUNTIFS(F$4:F$149,$E160,$D$4:$D$149,$D$158) -> 0 | G160: =COUNTIFS(K$4:K$149,$E160,$D$4:$D$149,$D$158) -> 0 | H160: =COUNTIFS(P$4:P$149,$E160,$D$4:$D$149,$D$158) -> 0 | I160: =COUNTIFS(U4:U149,$E$160,$D4:$D149,$D$158) -> 0 | J160: =COUNTIFS(Z$4:Z$149,$E160,$D$4:$D$149,$D$158) -> 0 | K160: =COUNTIFS(AE$4:AE$149,$E160,$D$4:$D$149,$D$158) -> 0 | L160: =COUNTIFS(AJ$4:AJ$149,$E160,$D$4:$D$149,$D$158) -> 0
E161: HP | F161: =COUNTIFS(F$4:F$149,$E161,$D$4:$D$149,$D$158) -> 0 | G161: =COUNTIFS(K$4:K$149,$E161,$D$4:$D$149,$D$158) -> 0 | H161: =COUNTIFS(P$4:P$149,$E161,$D$4:$D$149,$D$158) -> 0 | I161: =COUNTIFS(U$4:U$149,$E$161,$D5:$D150,$D$158) -> 0 | J161: =COUNTIFS(Z$4:Z$149,$E161,$D$4:$D$149,$D$158) -> 0 | K161: =COUNTIFS(AE$4:AE$149,$E161,$D$4:$D$149,$D$158) -> 0 | L161: =COUNTIFS(AJ$4:AJ$149,$E161,$D$4:$D$149,$D$158) -> 0
E162: AS | F162: =COUNTIFS(F$4:F$149,$E162,$D$4:$D$149,$D$158) -> 0 | G162: =COUNTIFS(K$4:K$149,$E162,$D$4:$D$149,$D$158) -> 0 | H162: =COUNTIFS(P$4:P$149,$E162,$D$4:$D$149,$D$158) -> 0 | I162: =COUNTIFS(U$4:U$149,$E$162,$D6:$D151,$D$158) -> 0 | J162: =COUNTIFS(Z$4:Z$149,$E162,$D$4:$D$149,$D$158) -> 0 | K162: =COUNTIFS(AE$4:AE$149,$E162,$D$4:$D$149,$D$158) -> 0 | L162: =COUNTIFS(AJ$4:AJ$149,$E162,$D$4:$D$149,$D$158) -> 0
E163: MAP | F163: =COUNTIFS(F$4:F$149,$E163,$D$4:$D$149,$D$158) -> 0 | G163: =COUNTIFS(K$4:K$149,$E163,$D$4:$D$149,$D$158) -> 0 | H163: =COUNTIFS(P$4:P$149,$E163,$D$4:$D$149,$D$158) -> 0 | I163: =COUNTIFS(U$4:U$149,$E$163,$D$4:$D$149,$D$158) -> 0 | J163: =COUNTIFS(Z$4:Z$149,$E163,$D$4:$D$149,$D$158) -> 0 | K163: =COUNTIFS(AE$4:AE$149,$E163,$D$4:$D$149,$D$158) -> 0 | L163: =COUNTIFS(AJ$4:AJ$149,$E163,$D$4:$D$149,$D$158) -> 0
E164: PERMISSION | F164: =COUNTIFS(F$4:F$149,$E164,$D$4:$D$149,$D$158) -> 0 | G164: =COUNTIFS(K$4:K$149,$E164,$D$4:$D$149,$D$158) -> 0 | H164: =COUNTIFS(P$4:P$149,$E164,$D$4:$D$149,$D$158) -> 0 | I164: =COUNTIFS(U$4:U$149,$E164,$D$4:$D$149,$D$158) -> 0 | J164: =COUNTIFS(Z$4:Z$149,$E164,$D$4:$D$149,$D$158) -> 0 | K164: =COUNTIFS(AE$4:AE$149,$E164,$D$4:$D$149,$D$158) -> 0 | L164: =COUNTIFS(AJ$4:AJ$149,$E164,$D$4:$D$149,$D$158) -> 0
E165: TS | F165: =COUNTIFS(F$4:F$149,$E165,$D$4:$D$149,$D$158) -> 0 | G165: =COUNTIFS(K$4:K$149,$E165,$D$4:$D$149,$D$158) -> 0 | H165: =COUNTIFS(P$4:P$149,$E165,$D$4:$D$149,$D$158) -> 0 | I165: =COUNTIFS(U$4:U$149,$E165,$D$4:$D$149,$D$158) -> 0 | J165: =COUNTIFS(Z$4:Z$149,$E165,$D$4:$D$149,$D$158) -> 0 | K165: =COUNTIFS(AE$4:AE$149,$E165,$D$4:$D$149,$D$158) -> 0 | L165: =COUNTIFS(AJ$4:AJ$149,$E165,$D$4:$D$149,$D$158) -> 0
